GSE_accession ,GSM_accession ,Dataset_type,Strain_mice,sample description,Brain_tissue,Biosample_platform ID,Title_study,Mice_Age ,Hints about FVB/NJ
GSE232368,GSM7329492,RNA-seq,FVB/NJ,WT FVB Cerebellum 5 Weeks Old Rep 1,Cerebellum,GPL24247,Transcriptomic approach reveals splicing dysregulation in spinocerebellar ataxia type 1,5 weeks,FVB/NJ mice are wild-type mice without any intentional genetic modifications or mutations
GSE232368,GSM7329493,RNA-seq,FVB/NJ,WT FVB Cerebellum 5 Weeks Old Rep 2,Cerebellum,GPL24247,Transcriptomic approach reveals splicing dysregulation in spinocerebellar ataxia type 1,5 weeks,
GSE232368,GSM7329494,RNA-seq,FVB/NJ,WT FVB Cerebellum 5 Weeks Old Rep 3,Cerebellum,GPL24247,Transcriptomic approach reveals splicing dysregulation in spinocerebellar ataxia type 1,5 weeks,
GSE232368,GSM7329495,RNA-seq,FVB/NJ,WT FVB Cerebellum 5 Weeks Old Rep 4,Cerebellum,GPL24247,Transcriptomic approach reveals splicing dysregulation in spinocerebellar ataxia type 1,5 weeks,
GSE232368,GSM7329500,RNA-seq,FVB/NJ,WT FVB Cerebellum 12 Weeks Old Rep 1,Cerebellum,GPL24247,Transcriptomic approach reveals splicing dysregulation in spinocerebellar ataxia type 1,12 weeks,
GSE232368,GSM7329501,RNA-seq,FVB/NJ,WT FVB Cerebellum 12 Weeks Old Rep 2,Cerebellum,GPL24247,Transcriptomic approach reveals splicing dysregulation in spinocerebellar ataxia type 1,12 weeks,
GSE232368,GSM7329502,RNA-seq,FVB/NJ,WT FVB Cerebellum 12 Weeks Old Rep 3,Cerebellum,GPL24247,Transcriptomic approach reveals splicing dysregulation in spinocerebellar ataxia type 1,12 weeks,
GSE232368,GSM7329506,RNA-seq,FVB/NJ,WT FVB Cerebellum 20 Weeks Old Rep 1,Cerebellum,GPL24247,Transcriptomic approach reveals splicing dysregulation in spinocerebellar ataxia type 1,20 weeks,
GSE232368,GSM7329507,RNA-seq,FVB/NJ,WT FVB Cerebellum 20 Weeks Old Rep 2,Cerebellum,GPL24247,Transcriptomic approach reveals splicing dysregulation in spinocerebellar ataxia type 1,20 weeks,
GSE232368,GSM7329508,RNA-seq,FVB/NJ,WT FVB Cerebellum 20 Weeks Old Rep 3,Cerebellum,GPL24247,Transcriptomic approach reveals splicing dysregulation in spinocerebellar ataxia type 1,20 weeks,
GSE233435,GSM7427996,RNA-seq,C57BL/6,"Female,control,5",Cortex,GPL24247,Sex-specific resilience of neocortex to food restriction,7-9 weeks,
GSE233435,GSM7427997,RNA-seq,C57BL/6,"Female,control,6",Cortex,GPL24247,Sex-specific resilience of neocortex to food restriction,7-9 weeks,
GSE233435,GSM7427998,RNA-seq,C57BL/6,"Female,control,7",Cortex,GPL24247,Sex-specific resilience of neocortex to food restriction,7-9 weeks,
GSE233435,GSM7427999,RNA-seq,C57BL/6,"Female,control,8",Cortex,GPL24247,Sex-specific resilience of neocortex to food restriction,7-9 weeks,
GSE233435,GSM7428004,RNA-seq,C57BL/6,"Male,control,5",Cortex,GPL24247,Sex-specific resilience of neocortex to food restriction,7-9 weeks,
GSE233435,GSM7428005,RNA-seq,C57BL/6,"Male,control,6",Cortex,GPL24247,Sex-specific resilience of neocortex to food restriction,7-9 weeks,
GSE233435,GSM7428006,RNA-seq,C57BL/6,"Male,control,7",Cortex,GPL24247,Sex-specific resilience of neocortex to food restriction,7-9 weeks,
GSE233435,GSM7428007,RNA-seq,C57BL/6,"Male,control,8",Cortex,GPL24247,Sex-specific resilience of neocortex to food restriction,7-9 weeks,
GSE157025,GSM4751074,RNA_seq,C57BL/6,th_3W_1,Hypothalamus,GPL17021,WT mouse transcriptome changes with age,3 weeks,
GSE157025,GSM4751075,RNA_seq,C57BL/6,th_3W_2,Hypothalamus,GPL17021,WT mouse transcriptome changes with age,3 weeks,
GSE157025,GSM4751076,RNA_seq,C57BL/6,th_3W_3,Hypothalamus,GPL17021,WT mouse transcriptome changes with age,3 weeks,
GSE157025,GSM4751077,RNA_seq,C57BL/6,th_4W_1,Hypothalamus,GPL17021,WT mouse transcriptome changes with age,4 weeks,
GSE157025,GSM4751078,RNA_seq,C57BL/6,th_4W_2,Hypothalamus,GPL17021,WT mouse transcriptome changes with age,4 weeks,
GSE157025,GSM4751079,RNA_seq,C57BL/6,th_4W_3,Hypothalamus,GPL17021,WT mouse transcriptome changes with age,4 weeks,
GSE157025,GSM4751080,RNA_seq,C57BL/6,th_4W_4,Hypothalamus,GPL17021,WT mouse transcriptome changes with age,4 weeks,
GSE157025,GSM4751081,RNA_seq,C57BL/6,th_5W_1,Hypothalamus,GPL17021,WT mouse transcriptome changes with age,5 weeks,
GSE157025,GSM4751082,RNA_seq,C57BL/6,th_5W_2,Hypothalamus,GPL17021,WT mouse transcriptome changes with age,5 weeks,
GSE157025,GSM4751083,RNA_seq,C57BL/6,th_5W_3,Hypothalamus,GPL17021,WT mouse transcriptome changes with age,5 weeks,
GSE157025,GSM4751084,RNA_seq,C57BL/6,th_5W_4,Hypothalamus,GPL17021,WT mouse transcriptome changes with age,5 weeks,
GSE157025,GSM4751085,RNA_seq,C57BL/6,R_B11_2mothal,Hypothalamus,GPL17021,WT mouse transcriptome changes with age,8 weeks,
GSE157025,GSM4751086,RNA_seq,C57BL/6,R_B12_2mothal,Hypothalamus,GPL17021,WT mouse transcriptome changes with age,8 weeks,
GSE157025,GSM4751087,RNA_seq,C57BL/6,R_B13_2mothal,Hypothalamus,GPL17021,WT mouse transcriptome changes with age,8 weeks,
GSE157025,GSM4751088,RNA_seq,C57BL/6,R_6mo_B32,Hypothalamus,GPL17021,WT mouse transcriptome changes with age,24 weeks,
GSE157025,GSM4751089,RNA_seq,C57BL/6,R_6mo_B33,Hypothalamus,GPL17021,WT mouse transcriptome changes with age,24 weeks,
GSE157025,GSM4751090,RNA_seq,C57BL/6,R_6mo_B34,Hypothalamus,GPL17021,WT mouse transcriptome changes with age,24 weeks,
GSE157025,GSM4751091,RNA_seq,C57BL/6,R_tha_12mB6_26,Hypothalamus,GPL17021,WT mouse transcriptome changes with age,48 weeks,
GSE157025,GSM4751092,RNA_seq,C57BL/6,R_tha_12mB6_27,Hypothalamus,GPL17021,WT mouse transcriptome changes with age,48 weeks,
GSE157025,GSM4751093,RNA_seq,C57BL/6,R_tha_12mB6_28,Hypothalamus,GPL17021,WT mouse transcriptome changes with age,48 weeks,
GSE231769,GSM7300216,RNA_seq,C57BL/6,"MBH,Control,Rep1",Mediobasal_hypothalamus,GPL30172,Maternal emulsifier consumption programs offspring metabolic and neuropsychological health,3 weeks,
GSE231769,GSM7300217,RNA_seq,C57BL/6,"MBH,Control,Rep2",Mediobasal_hypothalamus,GPL30172,Maternal emulsifier consumption programs offspring metabolic and neuropsychological health,3 weeks,
GSE231769,GSM7300218,RNA_seq,C57BL/6,"MBH,Control,Rep3",Mediobasal_hypothalamus,GPL30172,Maternal emulsifier consumption programs offspring metabolic and neuropsychological health,3 weeks,
GSE231769,GSM7300219,RNA_seq,C57BL/6,"MBH,Control,Rep4",Mediobasal_hypothalamus,GPL30172,Maternal emulsifier consumption programs offspring metabolic and neuropsychological health,3 weeks,
GSE223580,GSM6964918,RNA_seq,C57BL/6,RNA_seq_Sham_hippocampus_1,Hippocampus,GPL24247,Hippocampus-specific transcriptome profiling after severe cerebral hypoperfusion in mice,23-24 weeks,
GSE223580,GSM6964919,RNA_seq,C57BL/6,RNA_seq_Sham_hippocampus_2,Hippocampus,GPL24247,Hippocampus-specific transcriptome profiling after severe cerebral hypoperfusion in mice,23-24 weeks,
GSE223580,GSM6964920,RNA_seq,C57BL/6,RNA_seq_Sham_hippocampus_3,Hippocampus,GPL24247,Hippocampus-specific transcriptome profiling after severe cerebral hypoperfusion in mice,23-24 weeks,
GSE224114,GSM7012039,RNA_seq,C57BL/6,Mouse_P0_D10_noFGF2-RNAseq_B1,Cortex,GPL24247,RNA-seq of cultured prefrontal cortex brain tissue from C57BL/6 mouse,11-20 weeks,
GSE224114,GSM7012040,RNA_seq,C57BL/6,Mouse_P0_D10_noFGF2-RNAseq_B2,Cortex,GPL24247,RNA-seq of cultured prefrontal cortex brain tissue from C57BL/6 mouse,11-20 weeks,
GSE252133,GSM7994873,RNA_seq,C57BL/6,Hippocampus_Con,Hippocampus,GPL19057,Hippocampus and cortex of mice exposed to urban particulate matter,7 weeks,
GSE252133,GSM7994882,RNA_seq,C57BL/6,Cortex_Con,Cortex,GPL19058,Hippocampus and cortex of mice exposed to urban particulate matter,7 weeks,
GSE211983,GSM6506766,RNA_seq,C57BL6/J,WT-B-1,Brain,GPL24247,Chronic oral administration of nicotine affects transcriptomic profiling in conditional Presenilin 1/2 knockout mice and wild type mice,44 weeks,
GSE211983,GSM6506768,RNA_seq,C57BL6/J,WT-B-3,Brain,GPL24247,Chronic oral administration of nicotine affects transcriptomic profiling in conditional Presenilin 1/2 knockout mice and wild type mice,44 weeks,
GSE211983,GSM6506769,RNA_seq,C57BL6/J,WT-B-4,Brain,GPL24247,Chronic oral administration of nicotine affects transcriptomic profiling in conditional Presenilin 1/2 knockout mice and wild type mice,44 weeks,
GSE235804,GSM7509810,RNA_seq,C57BL/6J,"Striatum, vehicle, rep1",Brain striatum,GPL19057,Off-target effect of CWG-cPIP on gene expression of mouse Striatum,11 weeks,
GSE235804,GSM7509811,RNA_seq,C57BL/6J,"Striatum, vehicle, rep2",Brain striatum,GPL19057,Off-target effect of CWG-cPIP on gene expression of mouse Striatum,11 weeks,
GSE235804,GSM7509812,RNA_seq,C57BL/6J,"Striatum, vehicle, rep3",Brain striatum,GPL19057,Off-target effect of CWG-cPIP on gene expression of mouse Striatum,11 weeks,
GSE221124,GSM6845651,RNA_seq,C57BL/6JN,Y1_RNA,Cerebellum,GPL30172,Gene body DNA hydroxymethylation restricts magnitude of transcriptional changes during aging.,19 weeks,
GSE221124,GSM6845652,RNA_seq,C57BL/6JN,Y2_RNA,Cerebellum,GPL30172,Gene body DNA hydroxymethylation restricts magnitude of transcriptional changes during aging.,19 weeks,
GSE221124,GSM6845653,RNA_seq,C57BL/6JN,Y3_RNA,Cerebellum,GPL30172,Gene body DNA hydroxymethylation restricts magnitude of transcriptional changes during aging.,19 weeks,
GSE221124,GSM6845654,RNA_seq,C57BL/6JN,Y4_RNA,Cerebellum,GPL30172,Gene body DNA hydroxymethylation restricts magnitude of transcriptional changes during aging.,19 weeks,
GSE227525,GSM7102172,RNA_seq,C57BL/6J,"Female_PBS mock-infected C57BL/6 mice, Day0, replicate 1",Brain,GPL24247,Brain transcriptomics reveal the activation of neuroinflammation pathways during acute Orientia tsutsugamushi infection in C57BL/6 mice,8-12 weeks,
GSE227525,GSM7102173,RNA_seq,C57BL/6J,"Female_PBS mock-infected C57BL/6 mice, Day0, replicate 2",Brain,GPL24247,Brain transcriptomics reveal the activation of neuroinflammation pathways during acute Orientia tsutsugamushi infection in C57BL/6 mice,8-12 weeks,
GSE227525,GSM7102174,RNA_seq,C57BL/6J,"Female_PBS mock-infected C57BL/6 mice, Day0, replicate 3",Brain,GPL24247,Brain transcriptomics reveal the activation of neuroinflammation pathways during acute Orientia tsutsugamushi infection in C57BL/6 mice,8-12 weeks,
GSE226771,GSM7083658,RNA_seq,C57BL/6J,NCD_1,Whole forebrain,GPL21626,Transcriptomic changes in the mouse brain in response to short-term high-fat metabolic stress,8-10 weeks,
GSE226771,GSM7083659,RNA_seq,C57BL/6J,NCD_2,Whole forebrain,GPL21626,Transcriptomic changes in the mouse brain in response to short-term high-fat metabolic stress,8-10 weeks,
GSE226771,GSM7083660,RNA_seq,C57BL/6J,NCD_3,Whole forebrain,GPL21626,Transcriptomic changes in the mouse brain in response to short-term high-fat metabolic stress,8-10 weeks,
GSE210666,GSM6435238,RNA_seq,C57BL/6,RNA_seq_Sham_1,Cortex,GPL24247,Cortex-specific transcriptome profiling after deeper cerebral hypoperfusion in mice,13-14 weeks,
GSE210666,GSM6435239,RNA_seq,C57BL/6,RNA_seq_Sham_2,Cortex,GPL24247,Cortex-specific transcriptome profiling after deeper cerebral hypoperfusion in mice,13-14 weeks,
GSE210666,GSM6435240,RNA_seq,C57BL/6,RNA_seq_Sham_3,Cortex,GPL24247,Cortex-specific transcriptome profiling after deeper cerebral hypoperfusion in mice,13-14 weeks,
GSE210666,GSM6435241,RNA_seq,C57BL/6,RNA_seq_Sham_4,Cortex,GPL24247,Cortex-specific transcriptome profiling after deeper cerebral hypoperfusion in mice,13-14 weeks,
GSE162802,GSM4960153,RNA_seq,C57BL/6J,Brain_Young_rep1,Brain,GPL19057,"Stat1 activation, through systemic interferon signaling, and upregulation of innate immune system receptors drives inflammaging, that is ameliorated by dietary restriction intervention",16 weeks,
GSE162802,GSM4960154,RNA_seq,C57BL/6J,Brain_Young_rep2,Brain,GPL19057,"Stat1 activation, through systemic interferon signaling, and upregulation of innate immune system receptors drives inflammaging, that is ameliorated by dietary restriction intervention",17 weeks,
GSE162802,GSM4960155,RNA_seq,C57BL/6J,Brain_Young_rep3,Brain,GPL19057,"Stat1 activation, through systemic interferon signaling, and upregulation of innate immune system receptors drives inflammaging, that is ameliorated by dietary restriction intervention",18 weeks,
GSE218637,GSM6753921,RNA_seq,C57BL/6J,"Cx-6-10, 6-months old, cortex",Cortex,GPL19057,Decoupling of mRNA and protein expression in aging brains reveals the age-dependent adaptation of specific gene subsets,24 weeks,
GSE218637,GSM6753922,RNA_seq,C57BL/6J,"Cx-6-11, 6-months old, cortex",Cortex,GPL19057,Decoupling of mRNA and protein expression in aging brains reveals the age-dependent adaptation of specific gene subsets,24 weeks,
GSE218637,GSM6753923,RNA_seq,C57BL/6J,"Cx-6-17, 6-months old, cortex",Cortex,GPL19057,Decoupling of mRNA and protein expression in aging brains reveals the age-dependent adaptation of specific gene subsets,24 weeks,
GSE161726,GSM4913330,RNA_seq,C57BL/6,Basolateral amygdala (blA) Control s47,Basolateral amygdala (blA),GPL19057,Reconceptualising resilience within a translational framework is supported by unique and brain-region specific transcriptional signatures in mice,8 weeks,
GSE161726,GSM4913331,RNA_seq,C57BL/6,Basolateral amygdala (blA) Control s50,Basolateral amygdala (blA),GPL19057,Reconceptualising resilience within a translational framework is supported by unique and brain-region specific transcriptional signatures in mice,8 weeks,
GSE161726,GSM4913332,RNA_seq,C57BL/6,Basolateral amygdala (blA) Control s53,Basolateral amygdala (blA),GPL19057,Reconceptualising resilience within a translational framework is supported by unique and brain-region specific transcriptional signatures in mice,8 weeks,
GSE161726,GSM4913333,RNA_seq,C57BL/6,Basolateral amygdala (blA) Control s98,Basolateral amygdala (blA),GPL19057,Reconceptualising resilience within a translational framework is supported by unique and brain-region specific transcriptional signatures in mice,8 weeks,
GSE161726,GSM4913334,RNA_seq,C57BL/6,Basolateral amygdala (blA) Control s101,Basolateral amygdala (blA),GPL19057,Reconceptualising resilience within a translational framework is supported by unique and brain-region specific transcriptional signatures in mice,8 weeks,
GSE161726,GSM4913335,RNA_seq,C57BL/6,Ventral hippocampus (vHC) Control s45,Hippocampus,GPL19057,Reconceptualising resilience within a translational framework is supported by unique and brain-region specific transcriptional signatures in mice,8 weeks,
GSE161726,GSM4913336,RNA_seq,C57BL/6,Ventral hippocampus (vHC) Control s48,Hippocampus,GPL19057,Reconceptualising resilience within a translational framework is supported by unique and brain-region specific transcriptional signatures in mice,8 weeks,
GSE161726,GSM4913337,RNA_seq,C57BL/6,Ventral hippocampus (vHC) Control s51,Hippocampus,GPL19057,Reconceptualising resilience within a translational framework is supported by unique and brain-region specific transcriptional signatures in mice,8 weeks,
GSE161726,GSM4913338,RNA_seq,C57BL/6,Ventral hippocampus (vHC) Control s54,Hippocampus,GPL19057,Reconceptualising resilience within a translational framework is supported by unique and brain-region specific transcriptional signatures in mice,8 weeks,
GSE161726,GSM4913339,RNA_seq,C57BL/6,Ventral hippocampus (vHC) Control s102,Hippocampus,GPL19057,Reconceptualising resilience within a translational framework is supported by unique and brain-region specific transcriptional signatures in mice,8 weeks,
GSE161726,GSM4913340,RNA_seq,C57BL/6,Ventral hippocampus (vHC) Control s105,Hippocampus,GPL19057,Reconceptualising resilience within a translational framework is supported by unique and brain-region specific transcriptional signatures in mice,8 weeks,
GSE161726,GSM4913341,RNA_seq,C57BL/6,Medial prefrontal cortex (mPFC) Control s49,Cortex,GPL19057,Reconceptualising resilience within a translational framework is supported by unique and brain-region specific transcriptional signatures in mice,8 weeks,
GSE161726,GSM4913342,RNA_seq,C57BL/6,Medial prefrontal cortex (mPFC) Control s52,Cortex,GPL19057,Reconceptualising resilience within a translational framework is supported by unique and brain-region specific transcriptional signatures in mice,8 weeks,
GSE161726,GSM4913343,RNA_seq,C57BL/6,Medial prefrontal cortex (mPFC) Control s97,Cortex,GPL19057,Reconceptualising resilience within a translational framework is supported by unique and brain-region specific transcriptional signatures in mice,8 weeks,
GSE161726,GSM4913344,RNA_seq,C57BL/6,Medial prefrontal cortex (mPFC) Control s103,Cortex,GPL19057,Reconceptualising resilience within a translational framework is supported by unique and brain-region specific transcriptional signatures in mice,8 weeks,
GSE214701,GSM6614483,RNA_seq,C57B6/J ,"Hippocampus, Sham, 24-h rep1",Hippocampus,GPL24247,RNA-seq reveals Nup62 as a potential regulator for cell division after traumatic brain injury in mice hippocampus,8-10 weeks,
GSE214701,GSM6614484,RNA_seq,C57B6/J ,"Hippocampus, Sham, 24-h rep2",Hippocampus,GPL24247,RNA-seq reveals Nup62 as a potential regulator for cell division after traumatic brain injury in mice hippocampus,8-10 weeks,
GSE214701,GSM6614485,RNA_seq,C57B6/J ,"Hippocampus, Sham, 24-h rep3",Hippocampus,GPL24247,RNA-seq reveals Nup62 as a potential regulator for cell division after traumatic brain injury in mice hippocampus,8-10 weeks,