mets,genes,rxns,,"# in genes, we removed the transcript numeber, ex .1, .2 ..etc and removed duplicates to maintain the uniques genes "
10fthf[c],100,10FTHFtm,,
10fthf[m],10005,24_25DHVITD3t,,
2425dhvitd3[c],10007,24_25DHVITD3tm,,
2425dhvitd3[e],100137049,24_25VITD3Hm,,
2425dhvitd3[m],10020,25HVITD3tin_m,,
o2[m],100288072,2HBt2,,
h[m],100507855,2OXOADOXm,,
nadph[m],100526794,2OXOADPTm,,
25hvitd3[m],10058,34DHOXPEGOX,,
h2o[m],10060,34DHOXPEGt,,
nadp[m],10087,34DHPHEt,,
25hvitd3[c],10090,34DHPLACOX_NADP_,,
h[e],10135,34DHXMANDACOX,,
2hb[e],10164,34DHXMANDACOX_NADP_,,
h[c],10165,34HPLFM,,
2hb[c],10166,34HPPOR,,
nad[m],10201,3AIBTm,,
2oxoadp[m],10202,3AIBtmi,,
coa[m],10229,3DPHBH1,,
nadh[m],10249,3DPHBH2,,
co2[m],10257,3DSPHR,,
glutcoa[m],102724197,3HAO,,
akg[m],102724560,3HBCOAHLm,,
2oxoadp[c],10312,3HLYTCL,,
akg[c],10317,3M4HDXPAC,,
nadh[c],10327,3MLDAt,,
34dhmald[c],10331,3MOBt2im,,
nad[c],10351,3MOPt2im,,
34dhoxpeg[c],1036,3MOX4HOXPGALDOX,,
34dhoxpeg[e],10380,3MOX4HOXPGALDOX_NADP_,,
34dhphe[e],10390,3MOXTYROX,,
34dhphe[c],10396,3SALACBOXL,,
h2o[c],1040,3SALATAi,,
nadp[c],10400,3SPYRSP,,
34dhpac[c],10402,41R1H2MAE12BOOX,,
nadph[c],10423,41R2A1H12BOOX,,
34dhpha[c],10449,42A12BOOX,,
34dhoxmand[c],10476,4ABUTtm,,
34hpp[m],10478,4HBZCOAFm,,
34hpl[m],10553,4HBZFm,,
o2[c],10554,4MOPt2im,,
34hpp[c],10555,5ADTSTSTERONEtr,,
co2[c],10558,5HLTDL,,
hgentis[c],10559,5HOXINDACTO2OX,,
2mop[m],1056,5HOXINOXDA,,
glu_L[m],10560,5MTHFt,,
3aib[m],10587,5MTHFt2,,
3aib[c],10599,A4GALTg,,
3dphb[m],10606,A4GNT2g,,
3dpdhb[m],10632,ABO9g,,
3dsphgn[c],10654,ABTArm,,
sphgn[c],10678,ABUTt4_2_r,,
3hanthrn[c],10682,ACACT10m,,
cmusa[c],10690,ACACt2m,,
3hibutcoa[m],107,ACCOACm,,
3hmp[m],10723,ACCOAgt,,
dopa[c],10797,ACCOAtn,,
3mox4hpac[c],108,ACETONEt2,,
homoval[c],1080,ACETONEt2m,,
3mlda[c],10825,ACGALK,,
3mlda[e],10840,ACGALtlg,,
3mob[c],10841,ACGALtly,,
3mob[m],10846,ACGAM6PSi,,
3mop[c],10858,ACGAMK,,
3mop[m],10861,ACGAMPM,,
3m4hpga[c],10864,ACGAMtly,,
3mox4hoxm[c],10870,ACGBGBSIDEtg,,
3moxtyr[c],10873,ACGBGBSIDEtl,,
h2o2[c],109,ACHEe,,
nh4[c],10901,ACHtn,,
3sala[c],10928,ACITL,,
hyptaur[c],10935,ACNACNGAL14ACGLCGALGLUSIDEte,,
glu_L[c],10941,ACNACNGAL14ACGLCGALGLUSIDEtg,,
3snpyr[c],10948,ACNAM9PL,,
pyr[c],10965,ACNAMlt,,
so3[c],10975,ACNAMPH,,
adrnl[c],10991,ACOAD10m,,
mma[c],10993,ACOAD1fm,,
nrpphr[c],10998,ACOAD8m,,
4abut[c],10999,ACONTm,,
4abut[m],11000,ACOX22x,,
coucoa[m],11001,ACSm,,
4hbzcoa[m],1103,ACtg,,
accoa[m],11041,ADA,,
4hbz[m],11046,ADEt,,
4mop[c],1109,ADK1m,,
4mop[m],111,ADK3m,,
5adtststerone[r],11102,ADKd,,
5adtststerone[c],11112,ADMDC,,
5htrp[c],11136,ADNCYC,,
srtn[c],11164,ADNK1m,,
5hoxindact[c],11181,ADNt,,
5hoxindoa[c],11182,ADNt4,,
5mthf[e],1119,ADNtl,,
5mthf[c],112,ADNtm,,
h2o[e],1120,ADSK,,
galgluside_hs[g],11212,ADSL1,,
udpgal[g],11226,ADSL2,,
h[g],11227,AG13T1g,,
thcrm_hs[g],11238,AG13T2g,,
udp[g],112483,AG13T3g,,
uacgam[g],11254,AGMTm,,
core2[g],112611,AGPAT1,,
gncore2[g],112724,AIRCr,,
fucfucgalacglcgalacglcgal14acglcgalgluside_hs[g],11283,AKGDm,,
galgalfucfucgalacglcgalacglcgal14acglcgalgluside_hs[g],11285,AKGMALtm,,
sucsal[m],113,AKGt4_3,,
na1[e],113026,AKR1C42,,
4abut[e],11309,ALAASNNaEx,,
na1[c],113189,ALACYSNaEx,,
2maacoa[m],113235,ALADGLNexR,,
ppcoa[m],113278,ALADGLYexR,,
acac[c],11332,ALAGLNexR,,
acac[m],11343,ALAGLNNaEx,,
atp[m],113451,ALAGLYexR,,
hco3[m],113675,ALASERNaEx,,
adp[m],114,ALASm,,
pi[m],114134,ALAt4,,
malcoa[m],114571,ALATA_L,,
accoa[c],114805,ALATHRNaEx,,
accoa[g],114971,ALAtN1,,
accoa[n],115,ALCD21_D,,
acetone[e],1152,ALDD2y,,
acetone[c],115286,ALOX12,,
acetone[m],1155,ALOX15,,
atp[c],115584,ALOX5,,
acgal[c],1158,ALOX52,,
adp[c],1159,AMACR2p,,
acgal1p[c],1160,AMETt2m,,
acgal[g],116255,AMPDA,,
acgal[l],116285,ANDRSTRNtr,,
gam6p[c],117247,APAT2rm,,
coa[c],117248,APOCFm,,
acgam6p[c],1178,APOC_LYS_BTNPm,,
acgam[c],118881,APRTO2,,
acgam1p[c],120103,ARACHDCOAtx,,
acgam[l],121214,ARACHDt2,,
acgbgbside_hs[c],121278,ARACHDtr,,
acgbgbside_hs[g],122481,ARACHt,,
acgbgbside_hs[l],122622,ARGDCm,,
ach[e],122970,ARGLYSex,,
ac[e],123041,ARGSS,,
chol[e],123096,ARGtm,,
ach[n],123099,ARSA,,
ach[c],123264,ARTCOAL2,,
cit[c],123745,R_group_phosphotase_3,,
pi[c],123876,ASAH1,,
oaa[c],124,ASCBt,,
acnacngal14acglcgalgluside_hs[e],1244,ASCBt4,,
acnacngal14acglcgalgluside_hs[c],124583,ASNALANaEx,,
acnacngal14acglcgalgluside_hs[g],124637,ASNCYSNaEx,,
acmanap[c],124872,ASNGLNNaEx,,
pep[c],124935,ASNNm,,
acnamp[c],124975,ASNS1,,
acnam[c],125,ASNSERNaEx,,
h[l],125061,ASNt4,,
acnam[l],125206,ASNTHRNaEx,,
2mbcoa[m],125965,ASNtm,,
fad[m],125981,ASNtN1,,
2mb2coa[m],126,ASPCTr,,
fadh2[m],126129,ASPDt6,,
btcoa[m],126328,ASPGLUm,,
b2coa[m],1267,ASPNATm,,
ivcoa[m],126792,ASPt6,,
3mb2coa[m],127,ASPTAm,,
cit[m],127124,ATP1ter,,
icit[m],128,ATP2ter,,
o2[x],129607,ATPasel,,
fadh2[x],129642,ATPH1e,,
dhcholoylcoa[x],130,ATPtm,,
fad[x],130367,B3GALT3g,,
thcholoylcoa[x],130752,B3GALTg,,
ac[m],131,B3GNT11g,,
amp[m],1312,B3GNT310g,,
ppi[m],131669,B3GNT312g,,
ac[c],132158,B3GNT314g,,
ac[g],1327,B3GNT36g,,
adn[c],132789,B3GNT51g,,
ins[c],1329,BAAT3x,,
ade[e],133121,BACCLm,,
ade[c],1337,BALAtmr,,
gtp[m],1339,BDHm,,
gdp[m],1340,BHBtm,,
damp[c],1345,BHMT,,
datp[c],134526,BILDGLCURt,,
dadp[c],1346,BILDGLCURtr,,
amet[c],1347,BILGLCURtr,,
ametam[c],1349,BILIRED,,
ppi[c],1350,BILIRUBtr,,
camp[c],1351,BTNDm,,
adn[m],135152,BTNPLm,,
adn[e],1356,BTNt2,,
adn[l],1357,BTNt2m,,
aps[c],1358,BTNt3i,,
paps[c],1371,BTNt4i,,
dcamp[c],1373,BUTt2m,,
amp[c],1374,C14STRr,,
fum[c],1375,C226COAtx,,
25aics[c],1376,C3STDH1Pr,,
aicar[c],137872,C4STMO1r,,
ksii_core2_pre2[g],137902,CAATPS,,
ksii_core2_pre3[g],137964,CAt7r,,
ksii_core2_pre4[g],1384,CATm,,
ksii_core2_pre5[g],140679,CATp,,
ksii_core2_pre7[g],140687,CBR2,,
ksii_core2_pre8[g],140838,CDIPTr,,
agm[m],142680,CDPDAGtm,,
ptrc[m],1431,CDSm,,
urea[m],144193,CEPTC,,
Rtotal2coa[c],144195,CEPTE,,
alpa_hs[c],145173,CERT1rt,,
pa_hs[c],145226,CERT2rt,,
air[c],146664,CGLYt3_2_,,
5aizc[c],146712,CH25H,,
succoa[m],1468,CHAT,,
mal_L[c],146802,CHATn,,
mal_L[m],1487,CHLP,,
akg[e],148789,CHLPCTD,,
xoldioloneh[c],1491,CHOLATEt,,
xoltriol[c],1503,CHOLATEt2,,
ala_L[e],151531,CHOLK,,
asn_L[c],152586,CHOLtg,,
ala_L[c],153201,CHOLtn,,
asn_L[e],1537,CHOLtu,,
cys_L[c],154091,CHSTEROLSULT,,
cys_L[e],1543,CHSTEROLt1,,
ala_D[e],1544,CHSTEROLt2,,
gln_L[c],1545,CITtam,,
ala_D[c],1548,CK,,
gln_L[e],1549,CKc,,
gly[c],1551,CLFORtex,,
gly[e],155184,CLOHtex2,,
ser_L[c],1553,CLPNDCOAtx,,
ser_L[e],1555,CLS_hs,,
gly[m],1558,CMPACNAtg,,
5aop[m],1559,CMPSAS,,
thr_L[c],1562,CO2ter,,
thr_L[e],1565,CO2tg,,
12ppd_R[c],1571,CO2tm,,
lald_D[c],1572,CO2tp,,
acald[c],1573,COAtg,,
arachd[c],157506,COAtl,,
12HPET[c],1576,COAtm,,
15HPET[c],1577,COAtn,,
5HPET[c],158,COAtp,,
leuktrA4[c],1580,COQ3m,,
dhcholestancoa[x],1581,COQ5m,,
h2o[x],1582,COQ6m,,
ahcys[m],158584,COQ7m,,
ahcys[c],1588,CORE2GTg,,
amet[m],159,COt,,
imp[c],1591,COUCOAFm,,
andrstrn[r],1593,CREATt4_2_r,,
andrstrn[c],1595,CREATtmdiffir,,
ala_B[m],159963,CRNCAR3tp,,
msa[m],160287,CRNt,,
apoC[m],160428,CRNtuNa,,
lys_L[m],1606,CSAPASEly,,
apoC_Lys[m],1607,CSBPASEly,,
apoC_Lys_btn[m],1608,CSEPASEly,,
biocyt[m],160851,CSm,,
aprut[c],1609,CSNAT3x,,
n4abutn[c],1610,CSNATp,,
arachdcoa[c],1621,CSNATr,,
arachdcoa[x],1622,CSNt,,
arachd[e],162417,CSPG_At,,
arachd[r],162466,CSPG_Atly,,
arach[e],1629,CSPG_Btly,,
arach[c],1633,CSPG_Dt,,
arg_L[m],1635,CSPG_Etly,,
lys_L[c],1644,CYSALANaEx,,
arg_L[e],1645,CYSASNNaEx,,
lys_L[e],1646,CYSGLNNaEx,,
arg_L[c],166012,CYSGLUexR,,
asp_L[c],166929,CYSGLYexR,,
citr_L[c],168391,CYSO,,
argsuc[c],169355,CYSSERNaEx,,
h2o[l],170384,CYSt4,,
sgalside_hs[l],170712,CYSTA,,
galside_hs[l],171425,CYSTHRNaEx,,
so4[l],1716,CYTDK2m,,
Rtotal2[c],1717,CYTDt,,
Rtotal3[c],1718,CYTDt4,,
Rtotal3coa[c],1719,CYTDtm,,
crm_hs[l],1723,CYTK11,,
Rtotal[l],1727,CYTK1m,,
sphings[l],1728,CYTK5,,
ascb_L[e],1737,CYTK6,,
ascb_L[c],1738,DADNt4,,
asn_L[m],1743,DAGK_hs,,
asp_L[m],1757,DAGt,,
nh4[m],178,DALAOXx,,
cbp[c],18,DALAt2r,,
cbasp[c],1806,DALAxt,,
asp_D[e],1807,DASCBR,,
k[c],1808,DCK1m,,
asp_D[c],1809,DCSPTN1COAtx,,
k[e],1811,DCYTDn,,
Nacasp[m],1836,DCYTt,,
asp_L[e],1841,DECDPtm,,
oaa[m],1854,DESAT16_2,,
adp[r],1890,DESAT18_10,,
atp[r],1892,DESAT18_3,,
amp[r],19,DESAT18_4,,
atp[e],192134,DESAT18_5,,
pi[e],195814,DESAT18_6,,
amp[e],1962,DESAT18_7,,
udpacgal[g],196883,DESAT18_8,,
gbside_hs[g],197257,DESAT18_9,,
acglcgalgluside_hs[g],199974,DESAT20_1,,
galacglcgalgluside_hs[g],200010,DESAT20_2,,
gal14acglcgalgluside_hs[g],200576,DESAT22_2p,,
acglcgal14acglcgalgluside_hs[g],200810,DGAT,,
galacglcgal14acglcgalgluside_hs[g],200931,DGCHOLtx,,
acglcgalacglcgal14acglcgalgluside_hs[g],201288,DGSNt,,
galacglcgalacglcgal14acglcgalgluside_hs[g],201595,DHAAt1r,,
h2o[g],2023,DHCR71r,,
gly[x],2026,DHCR72r,,
dgcholcoa[x],2027,DHCRD1,,
coa[x],203,DHDPBMTm,,
dgchol[x],2030,DHEASt,,
btn[m],204,DHORD9,,
btamp[m],205,DHPM1,,
ala_B[c],2053,DINt,,
bhb[m],206358,DKMPPD,,
bhb[c],2098,D_LACt2,,
hcys_L[c],21,D_LACtm,,
glyb[c],210,DM_13_cis_retn_n_,,
dmgly[c],2108,DM_datp_m_,,
met_L[c],2109,DM_dctp_m_,,
hco3[c],211,DM_dgtp_m_,,
bildglcur[e],2110,DM_dttp_m_,,
hco3[e],212,DM_gncore2_g_,,
bildglcur[c],2131,DM_sprm_c_,,
bildglcur[r],2132,DM_sTn_antigen_g_,,
bilglcur[c],2134,DOLGLCP_Lter,,
bilglcur[r],2135,DOLGPP_Ler,,
biliverd[c],2137,DOLICHOL_Lter,,
bilirub[c],215,DOLK_L,,
bilirub[r],216,DOLPGT3_Ler,,
btn[e],2167,DOPABMO,,
btn[c],2168,DOPAMT,,
but[c],2169,DOPASFt,,
but[m],217,DOPASULT,,
h[r],2170,DOPAt4_2_r,,
nadph[r],2171,DOPAtu,,
44mctr[r],2172,DPCOAtl,,
nadp[r],2173,DPHMBDCm,,
44mzym[r],218,DPPS,,
c226coa[c],2180,DRPA,,
c226coa[x],2181,DSAT,,
4mzym_int1[r],2182,DURAD,,
co2[r],2184,DURIt,,
4mzym_int2[r],219,DURItn,,
o2[r],2194,DUTPDPm,,
h2o[r],220,EBP1r,,
ca2[c],220074,ECOAH12m,,
ca2[e],2203,ECOAH1m,,
h2o2[m],221,ECOAH9m,,
h2o2[x],221823,ESTRADIOLGLCt,,
prostge2[c],222,ESTRADIOLGLCt2,,
prostgf2[c],2222,ESTRADIOLt,,
cdpdag_hs[c],2224,ESTRADIOLtr,,
inost[c],222537,ESTRIOLtr,,
cmp[c],222962,ESTRONESt,,
pail_hs[c],223,ESTRONESt2,,
cdpdag_hs[m],2235,ESTRONEtr,,
pa_hs[m],224,ETHAK,,
ctp[m],225,FACOAL1813,,
cdpchol[c],226,FACOAL1832,,
dag_hs[c],2271,FACOAL184,,
pchol_hs[c],22856,FACOAL226,,
cdpea[c],229,FACOAL40im,,
pe_hs[c],22934,FADH2tx,,
crm_hs[c],22978,FADtx,,
crm_hs[r],230,FAEL183,,
gluside_hs[c],23007,FAEL184,,
gluside_hs[r],23057,FAEL205,,
cgly[e],231,FALDH,,
cgly[c],23205,FAOXC80,,
chsterol[r],23236,FAS100COA,,
xol25oh[r],23250,FAS120COA,,
chol[c],23305,FAS140COA,,
chol[n],23315,FAS160COA,,
coa[n],23396,FAS180COA,,
cholp[c],23417,FAS80COA_L,,
ctp[c],23428,FATP1t,,
cholate[e],23439,FATP2t,,
cholate[c],23464,FATP3t,,
chol[g],23475,FATP5t,,
chsterol[c],2348,FBP26,,
pap[c],23498,FCLTm,,
chsterols[c],2350,FE2t,,
chsterol[l],2352,FE3R2e,,
chsterol[m],23530,FKYNH,,
creat[m],23533,FORt2m,,
pcreat[m],23539,FORtr,,
creat[c],23545,FRUt1r,,
pcreat[c],2356,FTHFDH,,
cl[e],23563,FTHFLm,,
for[c],23600,FUCACNGALACGLCGALGLUSIDEte,,
cl[c],23632,FUCACNGALACGLCGALGLUSIDEtg,,
for[e],23657,FUCGALFUCGALACGLCGALGLUSIDEte,,
clpndcoa[c],23743,FUMAC,,
clpndcoa[x],23761,FUMm,,
pglyc_hs[c],239,FUMtm,,
clpn_hs[c],240,FUT18g,,
cmp[g],245972,FUT32g,,
cmpacna[c],245973,G14T2g,,
cmpacna[g],246,G14T3g,,
co2[g],246213,G14T4g,,
co2[x],247,G14T5g,,
coa[g],248,G3PD2m,,
coa[l],249,G5SADrm,,
2dpmhobq[m],2495,G5SDym,,
q10[m],2512,G6PDH1rer,,
2dp6mobq[m],2523,G6PDH2rer,,
2dp6mobq_me[m],2524,GABAVESSEC,,
2dp6mep[m],2525,GACMTRc,,
T_antigen[g],2526,GAL3ST11,,
co[c],2527,GALASE16ly,,
co[e],2528,GALASE17ly,,
T4hcinnm[m],2529,GALASE18ly,,
creat[e],2531,GALASE19ly,,
crn[c],2538,GALGALFUCFUCGALACGLCGALACGLCGAL14ACGLCGALGLUSIDEte,,
pcrn[x],2539,GALGALFUCFUCGALACGLCGALACGLCGAL14ACGLCGALGLUSIDEtg,,
crn[x],2542,GALGLUSIDEtg,,
pcrn[c],257068,GALGLUSIDEtl,,
crn[e],2571,GALNACT1g,,
cspg_a[l],2572,GALNACT2g,,
Ser_Gly_Ala_X_Gly[l],257202,GALNACT4g,,
cs_a[l],25769,GALNTg,,
cspg_b[l],25796,GALSIDEtg,,
cs_b[l],2581,GALt1r,,
cspg_e[l],2582,GALT2g,,
cs_e[l],2583,GALTg,,
ppcoa[x],25830,GALtly,,
accoa[x],2584,GAMt1r,,
acrn[x],2585,GAO1g,,
acrn[c],25874,GARFT,,
csn[e],2588,GBA,,
csn[c],2589,GBSIDEte,,
cspg_a[g],2590,GBSIDEtl,,
cspg_a[e],25902,GCC2am,,
cspg_b[e],2591,GCC2bim,,
cspg_d[g],2592,GCC2cm,,
cspg_d[e],259230,GCCam,,
cspg_e[e],2593,GCCbim,,
mercppyr[c],259307,GCCcm,,
cytd[m],2595,GCHOLAt,,
cmp[m],2597,GCHOLAt2,,
cytd[e],26,GCNTg,,
cytd[c],26002,GDPFUCtg,,
dgtp[c],26027,GDPtg,,
dcmp[c],260293,GGNG,,
dgdp[c],26035,GGT5r,,
dcdp[c],26061,GGT6,,
cdp[m],2618,GHMT2rm,,
cdp[c],262,GLBRAN,,
dad_2[e],26227,GLCAASE1ly,,
dad_2[c],26229,GLCAASE4ly,,
dag_hs[e],26266,GLCAASE7ly,,
ala_D[x],26275,GLCAASE8ly,,
pyr[x],26279,GLCAASE9ly,,
nh4[x],2628,GLCAE2g,,
dhdascb[c],26289,GLCAT2g,,
dcyt[m],2629,GLCAT4g,,
dcmp[m],26290,GLCAT6g,,
dcsptn1coa[c],26301,GLCAT7g,,
dcsptn1coa[x],2632,GLCAT8g,,
h2o[n],26330,GLCAT9g,,
h[n],2639,GLCATg,,
dcyt[n],2643,GLCMter,,
nh4[n],2645,GLCNACASE1ly,,
duri[n],2650,GLCNACASE2ly,,
dcyt[e],26503,GLCNACASE3ly,,
dcyt[c],2651,GLCNACASE4ly,,
decdp[c],2653,GLCNACASE5ly,,
decdp[m],266722,GLCNACDASg,,
pmtcoa[c],267020,GLCNACT1g,,
hdcoa[c],2673,GLCNACT2g,,
lnlncacoa[c],2678,GLCNACT3g,,
strdnccoa[c],2683,GLCNACT4g,,
stcoa[c],2686,GLCNACT5g,,
odecoa[c],2687,GLCt1r,,
octd11ecoa[c],26873,GLCt2_2,,
od2coa[c],270,GLCtg,,
lneldccoa[c],27010,GLCtly,,
lnlccoa[c],27034,GLCURtly,,
lnlncgcoa[c],27068,GLDBRAN,,
dlnlcgcoa[c],27087,GLGNS1,,
eicostetcoa[c],27089,GLNALANaEx,,
tmndnccoa[c],271,GLNASNNaEx,,
h[x],2710,GLNCYSNaEx,,
nadh[x],27109,GLNSERNaEx,,
nad[x],27115,GLNTHRNaEx,,
tag_hs[c],2712,GLNtm,,
dgchol[c],27124,GLNtN1,,
dgsn[e],2713,GLPASE1,,
dgsn[c],27165,GLPASE2,,
dhdascb[e],272,GLU5Km,,
ddsmsterol[r],2720,GLUCYS,,
dsmsterol[r],27235,GLUDC,,
7dhchsterol[r],2729,GLUDxm,,
dhcrm_hs[c],2730,GLUDym,,
3dpdhb_me[m],27306,GluForTx,,
dheas[e],2731,GLUNm,,
dheas[c],2739,GLUt2m,,
dhor_S[c],27430,GLUt6,,
q10h2[m],2744,GLUTCOADHm,,
orot[c],2745,GLUtr,,
56dura[c],2746,GLUVESSEC,,
cala[c],2747,GLYAMDTRc,,
din[e],275,GLYCLTDy,,
din[c],276,GLYOXm,,
dkmpp[c],2760,GLYt4,,
2kmb[c],2762,GLYt7_211_r,,
lac_D[e],2766,GMPtg,,
lac_D[c],277,GNDer,,
lac_D[m],278,GPAM_hs,,
13_cis_retn[n],279,GQ1BALPHAte,,
datp[m],2799,GSNt,,
dctp[m],28,GSNt4,,
dgtp[m],280,GTHDH,,
dttp[m],2805,GTHP,,
sprm[c],2806,GTHPe,,
sTn_antigen[g],2819,GTHPm,,
dolglcp_L[c],2820,GTHRDtr,,
dolglcp_L[r],28231,GTHS,,
dolp_L[r],28232,GUACYC,,
glc_D[r],28234,GUAD,,
dolichol_L[r],283208,H2CO3Dm,,
dolichol_L[c],283209,H2O2syn,,
dolp_L[c],283358,H2O2tm,,
pi[r],284004,H2Otg,,
dopasf[c],284111,H2Otly,,
dopasf[e],284273,H2Otm,,
dopa[e],286016,H2Otn,,
dpcoa[l],286410,H2Otp,,
dpcoa[c],2875,HACD1m,,
ipdp[c],2876,HACD9m,,
frdp[c],2877,HAS1,,
2dr5p[c],2878,HAS2,,
g3p[c],2879,HAtly,,
Rtotalcoa[c],2882,HBZOPT10m,,
ura[c],28965,HCO3_CLt,,
duri[e],28976,HGNTOR,,
duri[c],28982,HIBDm,,
dutp[m],290,HISDC,,
dump[m],291,HISt4,,
zymst[r],29124,HISTASE,,
chlstol[r],292,HISTAtu,,
2mp2coa[m],293,HISTAVESSEC,,
3hbcoa[m],2936,HKt,,
3hmbcoa[m],2937,HKYNH,,
estradiolglc[e],2944,HMGCOASi,,
estradiolglc[c],2946,HMGCOASim,,
estradiol[e],2954,HMGCOAtm,,
estradiol[c],2974,HMGCOAtx,,
estradiol[r],2977,HMGLm,,
estriol[r],2978,HOMt4,,
estriol[c],29785,HOXG,,
estrones[e],29796,HS1ly,,
estrones[c],2982,HS2ly,,
estrone[r],2983,HS3ly,,
estrone[c],2984,HS4ly,,
etha[c],2986,HSAT1ly,,
ethamp[c],2987,HSAT2ly,,
elaid[c],29880,HSAT3ly,,
lnlnca[c],29881,HSAT4ly,,
strdnc[c],2990,HSD17B1,,
crvnc[c],29906,HSD17B42x,,
fadh2[c],2992,HSD3A1r,,
fad[c],29922,HSPASEly,,
malcoa[c],29925,HSPGt,,
gthrd[c],29926,HSPGtly,,
fald[c],29958,Htg,,
Sfglutth[c],29968,Htr,,
occoa[m],2997,HYPTROX,,
occoa[c],2998,ICDHxm,,
dcacoa[c],29988,ICDHy,,
ddcacoa[c],30,ICDHyp,,
tdcoa[c],3000,ICDHyrm,,
hdca[c],3028,IDOAASE1ly,,
hdca[e],3029,IDOAASE2ly,,
ocdcea[c],3030,IDOAASE3ly,,
ocdcea[e],3032,IDOAASE4ly,,
ocdca[c],3033,IDOURtly,,
ocdca[e],3036,ILEt5m,,
f26bp[c],3037,ILETAm,,
f6p[c],3038,INSt,,
fe2[m],3067,INSt4,,
ppp9[m],3073,INSTt2r,,
pheme[m],3074,INSTt4,,
fe2[e],3081,KAS8,,
fe2[c],30814,KCCt,,
fe3[e],30815,KHK,,
Lfmkynr[c],30833,KSII_CORE2t,,
Lkynr[c],3098,KSII_CORE2tly,,
for[m],3099,KYN,,
for[r],3101,KYN3OX,,
fru[e],314,KYNAKGAT,,
fru[c],3141,KYNATESYN,,
thf[c],3145,LACZe,,
thf[m],3155,LAPCOAl,,
fucacngalacglcgalgluside_hs[e],3156,LCTStg,,
fucacngalacglcgalgluside_hs[c],3157,LCYSTCBOXL,,
fucacngalacglcgalgluside_hs[g],3158,LDH_Lm,,
fucgalfucgalacglcgalgluside_hs[e],316,LEUKTRA4tr,,
fucgalfucgalacglcgalgluside_hs[c],3162,LEUKTRB4t,,
4fumacac[c],3163,LEUKTRD4t,,
fum[m],3176,LEUKTRD4tr,,
gdpfuc[g],3177,LEUKTRE4t,,
gdp[g],32,LEUt4,,
acngalacglcgalgluside_hs[g],3242,LEUt5m,,
ksii_core2_pre1[g],3251,LEUTAm,,
ksii_core2_pre6[g],3284,LEUtec,,
ksii_core2_pre9[g],3291,LGNCt,,
ksii_core2_pre10[g],3292,LINKDEG1ly,,
glyc3p[c],3294,LINKDEG2ly,,
dhap[c],3295,LINKDEG4ly,,
glu5sa[m],33,L_LACtcm,,
1pyr5c[m],3340,L_LACtm,,
glu5p[m],337876,LNELDCt,,
nad[r],338707,LNLNCAt,,
g6p[r],339221,LNSTLSr,,
nadh[r],34,LPASE,,
6pgl[r],340024,LPS,,
gudac[c],340811,LPS2e,,
paps[g],341392,LPS3,,
galside_hs[g],3417,LRAT,,
pap[g],3418,LSTO1r,,
sgalside_hs[g],3419,LSTO2r,,
ksii_core2_deg2[l],341947,LTA4H,,
gal[l],3420,LTC4CP,,
ksii_core2_deg3[l],3421,LTC4Sr,,
ksii_core2_deg5[l],3422,LTD4DP,,
ksii_core2_deg6[l],3423,LYSt4,,
ksii_core2_deg8[l],3425,LYStiDF,,
ksii_core2_deg9[l],343,MACACI,,
f1a[l],344967,MACOXO,,
core6[l],347734,MAGt,,
galgalfucfucgalacglcgalacglcgal14acglcgalgluside_hs[e],348158,MALTt1r,,
galgalfucfucgalacglcgalacglcgal14acglcgalgluside_hs[c],349565,MANt1r,,
galgluside_hs[c],35,MAOLNOR,,
galgluside_hs[l],353,MCCCrm,,
cs_hs_linkage[g],36,MCDm,,
cs_pre[g],360,MDHm,,
cs_a_b_pre2[g],360203,MDRPD,,
cs_a_b_pre3[g],3612,ME2,,
cs_d_pre3[g],3613,ME2m,,
cs_d_pre4[g],3614,METAT,,
Ser_Thr[g],3615,METLEUex,,
Tn_antigen[g],3620,METS,,
galside_hs[c],3628,METt4,,
gal[e],3631,MGCHrm,,
gal[c],3632,MGSA,,
lxser[g],3633,MHISOR,,
l2xser[g],3635,MI1345PP,,
xser[g],3636,MI134PP,,
gam[e],364,MI145PK,,
gam[c],366,MI1PS,,
gd3_hs[g],37,MI34PP,,
oagd3_hs[g],3703,MLTG1,,
gar[c],3704,MMCDm,,
fgam[c],3706,MMEm,,
glc_D[c],3707,MMMm,,
gbside_hs[c],3712,MMSAD3m,,
gbside_hs[e],374291,MMTSADm,,
gbside_hs[l],374875,MOGAT,,
lpam[m],374907,MTAP,,
alpam[m],375056,MTHFCm,,
mlthf[m],3764,MTHFDm,,
dhlam[m],376497,N3Tg,,
lpro[m],3767,NABTNO,,
alpro[m],377677,NACASPAH,,
dhlpro[m],377841,NACASPtm,,
gchola[e],3795,NACHEX1ly,,
gchola[c],38,NACHEX23ly,,
gdpfuc[c],386757,NACHEX24ly,,
gmp[g],387775,NACHEX25ly,,
gmp[c],3906,NACHEX27ly,,
gdp[c],390928,NACHEX2ly,,
Tyr_ggn[c],3938,NACHEX3ly,,
udpg[c],3939,NACHEX8ly,,
udp[c],3945,NACHEX9ly,,
ggn[c],3948,NACHEXA1ly,,
leuktrC4[r],3988,NAGA2ly,,
glu_L[r],3990,NAGAlby,,
leuktrD4[r],3992,NAGLCAly,,
leuktrE4[c],3995,NAHCO3_HCLt,,
leuktrF4[c],4023,NaKt,,
ser_L[m],4025,NAt,,
glygn1[c],4047,NAt3_1g,,
glygn2[c],4048,NAtx,,
hs_deg9[l],4056,NBAHH_ir,,
glcur[l],410,NCKt,,
hs_deg10[l],411,NDP7er,,
cs_a_deg2[l],412,NDP7g,,
cs_a_deg3[l],4125,NDPK1m,,
cs_e_deg3[l],4126,NDPK3m,,
cs_e_deg4[l],4128,NDPK4m,,
ha[l],4129,NDPK6m,,
ha_deg1[l],4143,NH4tn,,
ha_pre1[l],4144,NH4tp,,
hs_pre10[g],4166,NICRNS,,
hs_pre11[g],4190,NKCCt,,
cs_a_b_e_pre1[g],4191,NMNS,,
udpglcur[g],4199,NORANMT,,
cs_d_pre2[g],4200,NOS1,,
hs_pre1[g],4258,NOS2,,
hs_pre2[g],4259,NOt,,
hs_pre3[g],427,NP1,,
hs_pre4[g],43,NRPPHRt4_2_r,,
hs_pre5[g],4329,NRPPHRtu,,
hs_pre6[g],435,NS26Tg,,
hs_pre7[g],4351,NTD7e,,
hs_pre8[g],4357,NTD7l,,
glc_D[e],4363,O2St,,
hs_deg3[l],440,O2Stm,,
hs_deg4[l],441282,O2ter,,
hs_deg8[l],443,O2tm,,
hs_deg14[l],445,O2tp,,
hs_deg15[l],4507,OAGD3te,,
hs_deg20[l],4512,OAGD3tg,,
hs_deg21[l],4513,OCCOAtm,,
hs_deg24[l],4514,OCCOAtx,,
hs_deg25[l],4519,OCOAT1m,,
hs_pre9[g],4522,OIVD1m,,
glc_D[g],4524,OIVD2m,,
glc_D[l],4535,OIVD3m,,
glcur[c],4536,OPAHir,,
dxtrn[c],4537,ORNt3m,,
glygn3[c],4538,ORNTArm,,
gln_L[m],4539,ORNtiDF,,
g1p[c],4540,ORPT,,
glucys[c],4541,OXAHCOtex,,
forglu[c],4548,P45019A2r,,
5forthf[c],4594,P45039A1r,,
glu_L[e],4597,P45046A1r,,
orn[c],4598,P4507B12r,,
glx[c],4668,P5CRm,,
glyclt[c],4669,PA_HStg,,
lgt_S[m],4694,PAFH,,
gthrd[m],4695,PAFHe,,
6pgc[r],4696,PAFS,,
ru5p_D[r],4697,PAN4PP,,
gq1balpha_hs[c],4698,PAPStg,,
gq1balpha_hs[e],47,PAPtg,,
gsn[e],4700,PCHOL_HStg,,
gsn[c],4701,PCHOLPg_hs,,
gthox[c],4702,PCm,,
gthrd[e],4704,PCREATtmdiffir,,
h2o2[e],4705,PDE1,,
gthox[e],4706,PDE4,,
gthox[m],4707,PDHm,,
gthrd[r],4708,PE_HStm,,
gtp[c],4709,PEPCK,,
35cgmp[c],4710,PEt,,
gua[c],4711,PETHCT,,
xan[c],4712,PFK26,,
aacoa[m],4713,PGCD,,
uacgam[c],4714,PGDI,,
udpglcur[c],4715,PGDIr,,
ha_pre1[e],4716,PGESr,,
ha[e],4717,PGISr,,
4mlacac[c],4718,PGLer,,
his_L[c],4719,PGLYCt,,
hista[c],4720,PGPP_hs,,
his_L[e],4722,PGPPT,,
im4act[c],4723,PGS,,
hista[e],4724,PGSr,,
hLkynr[c],4725,PHEMEtm,,
aacoa[c],4726,PHEt4,,
hmgcoa[c],4728,PHETA1m,,
hmgcoa[m],4729,PHETHPTOX2,,
hmgcoa[x],4731,PI345P3P,,
hom_L[e],4758,PI34P5K,,
hom_L[c],476,PI3P4K,,
pheme[c],477,PI45P5P,,
hs_deg1[l],478,PI45PLC,,
hs_deg2[l],48,PI4P5K,,
hs_deg6[l],480,PIK3,,
hs_deg7[l],481,PItg,,
hs_deg12[l],482,PLA2_2,,
hs_deg13[l],483,PLA2_2e,,
hs_deg18[l],4830,PNTEH,,
hs_deg19[l],4831,PNTOt5,,
nadph[x],4832,PPA2,,
nadp[x],4833,PPAer,,
andrstandn[r],4842,PPAm,,
hspg[l],4843,PPDOy,,
hs[l],4846,PPItr,,
hspg[g],4860,PPItx,,
hspg[e],4881,PPOR,,
taur[c],4882,PPPG9tm,,
icit[c],4891,PPPGOm,,
icit[x],490,PRAGSr,,
akg[x],4905,PRASCS,,
hs_deg5[l],4907,PROD2m,,
idour[l],491,PROSTGE2t,,
hs_deg16[l],492,PROSTGI2tr,,
hs_deg17[l],493,PROt4,,
hs_deg22[l],4942,PROtm,,
hs_deg23[l],495,PSDm_hs,,
cs_b_deg3[l],4952,PSFLIPm,,
idour[c],496,PSSA1_hs,,
ile_L[c],4967,PSSA2_hs,,
ile_L[m],498,PSt3,,
ins[e],50,PTE3x,,
inost[e],501,PTE4x,,
f1p[c],5019,PTHPS,,
ksii_core2[g],5033,PTRCAT1,,
ksii_core2[e],5048,PVD3,,
ksii_core2[l],50484,PYDXK,,
anth[c],50487,PYDXPP,,
4aphdob[c],5049,PYNP2r,,
kynate[c],5050,PYRt2m,,
lcts[e],50506,PYRt2p,,
pi[l],5051,QUILSYN,,
lcts[g],50515,RADH,,
Lcyst[c],5052,RAI3,,
lac_L[m],5053,RAtn3,,
pyr[m],506,RDH1,,
leuktrA4[r],50614,RDH3,,
leuktrB4[e],50617,RDH3a,,
leuktrB4[c],50808,RETH,,
leuktrD4[e],50814,RIBFLVt3,,
leuktrD4[c],509,RIBt,,
leuktrE4[e],5091,RTOTAL2t,,
leu_L[e],5092,RTOTALt,,
leu_L[c],50940,Rtotaltl,,
leu_L[m],51,S23T2g,,
lgnc[e],51004,S2T1g,,
lgnc[c],51005,S2T2g,,
xyl_D[l],51022,S2T4g,,
cs_a_deg5[l],5105,S2TASE1ly,,
cs_e_deg7[l],51056,S2TASE2ly,,
lac_L[c],51071,S2TASE3ly,,
lneldc[e],51079,S3T1g,,
lneldc[c],51102,S3T2g,,
lnlnca[e],51109,S3T3g,,
Ssq23epx[r],51146,S3TASE1ly,,
lanost[r],51166,S3TASE2ly,,
lpchol_hs[c],51170,S3TASE3ly,,
Rtotal[c],51171,S4T1g,,
g3pc[c],51179,S4T2g,,
mag_hs[e],51181,S4TASE1ly,,
Rtotal[e],51196,S4TASE2ly,,
mag_hs[c],51205,S4TASE3ly,,
glyc[c],51228,S4TASE4ly,,
retinol[c],51251,S4TASE5ly,,
retfa[c],51268,S6T19g,,
lthstrl[r],51292,S6T1g,,
leuktrC4[c],513,S6T21g,,
3mldz[c],5130,S6T25g,,
malt[e],51301,S6T2g,,
malt[c],51302,S6T3g,,
man[e],51312,S6TASE1ly,,
man[c],5136,S6TASE22ly,,
normete_L[c],5137,S6TASE23ly,,
3mgcoa[m],5138,S6TASE24ly,,
5mdru1p[c],51380,S6TASE2ly,,
met_L[e],51382,S6TASE3ly,,
mthgxl[c],5139,S6TASE8ly,,
mhista[c],514,S6TASE9ly,,
mi1345p[c],5140,SADT,,
mi134p[c],5141,SALMCOM,,
mi34p[c],5142,SALMCOM2,,
mi145p[c],5143,SAMHISTA,,
g6p[c],5144,SARCOXp,,
mi1p_D[c],5145,SARCStm,,
mi3p_D[c],5146,SARCStp,,
malttr[c],5147,SARDHm,,
mmcoa_S[m],51477,SBTD_D2,,
mmcoa_R[m],51478,SCP2x,,
5mta[c],5148,Ser_Thrtg,,
5mdr1p[c],5149,SERALANaEx,,
methf[m],515,SERASNNaEx,,
4aabutn[c],5150,SERCYSNaEx,,
Nacasp[c],5151,SERDGLNexR,,
cs_a_deg1[l],5152,SERDGLYexR,,
ksii_core2_deg4[l],51521,SERGLNexR,,
ksii_core2_deg7[l],51522,SERGLNNaEx,,
cs_a_deg4[l],51523,SERGLYexR,,
cs_b_deg1[l],51524,SERPT,,
cs_b_deg2[l],51525,SERt4,,
cs_e_deg2[l],51526,SERTHRNaEx,,
cs_e_deg6[l],51527,SERtN1,,
udp[l],51528,SFGTH,,
Tn_antigen[l],51529,SGALSIDEtg,,
Ser_Thr[l],5153,SGALSIDEtl,,
udpacgal[l],5158,SIAASE3ly,,
na1[g],516,SIAT9g,,
na1[x],5160,SMS,,
carn[c],51606,SO4CLtex2,,
udp[r],5161,SO4OXAtex2,,
ump[r],5162,SO4t4_2,,
pi[g],51660,SO4tl,,
ump[g],5167,SPHGNtr,,
dtdp[m],5168,SPHINGStl,,
dudp[m],5169,SPHK21c,,
nicrns[c],517,SPHMYLNtl,,
nicrnt[c],51700,SPODMe,,
ncam[c],51703,SPODMm,,
prpp[c],51706,SPR,,
nmn[c],5172,SPRMS,,
nwharg[c],51727,SQLEr,,
no[c],51733,SQLSr,,
no[e],51741,SR5ARr,,
nac[c],518,SRTNt6_2_r,,
r1p[c],51805,ST3GAL31g,,
nrpphr[e],51809,ST3GAL61g,,
amp[l],5184,ST8SIA12,,
o2s[c],5198,ST8SIA56g,,
o2s[e],52,STRDNCt,,
o2s[m],5205,STS2,,
oagd3_hs[c],5207,SUCD1m,,
oagd3_hs[e],5208,SUCOAS1m,,
occoa[x],5209,SUCOASm,,
succ[m],521,SULFOX,,
ibcoa[m],5210,T4HCINNMFM,,
5oxpro[c],5211,TAURt4_2_r,,
orn[m],522,TAURtcx,,
orn[e],5223,TCHOLAt,,
orot5p[c],5224,TCHOLAt2,,
oxa[e],5226,THBPT4ACAMDASE,,
oxa[c],523,THD1m,,
tststerone[r],5230,THFtm,,
xol24oh[r],5232,THMDt4,,
xoltri24[r],5236,THMTP,,
xol27oh[r],5238,THRALANaEx,,
xoltri27[r],5243,THRASNNaEx,,
pro_L[m],5244,THRCYSNaEx,,
pa_hs[g],525,THRGLNexR,,
paf_hs[c],526,THRGLNNaEx,,
ak2lgchol_hs[c],5264,THRGLYexR,,
paf_hs[e],527,THRSERNaEx,,
ak2lgchol_hs[e],528,THRt4,,
pan4p[c],5286,THYMDt1,,
ptth[c],5287,THYMDtm,,
pchol_hs[g],5288,THYMt,,
pe_hs[m],5289,THYOXt,,
pe_hs[e],529,THYOXt2,,
3pg[c],5290,TMDK1m,,
3php[c],5291,TMDPP,,
prostgh2[c],5293,TMDPPK,,
prostgd2[c],5294,TRDR,,
prostgh2[r],5295,TREH,,
prostgd2[r],5296,TRIODTHYt,,
prostge2[r],5297,TRPHYDRO2,,
prostgi2[r],5298,TRPO2,,
pglyc_hs[e],53,TSTSTERONEt,,
pgp_hs[c],5305,TSTSTERONEtr,,
phe_L[e],5313,TXA2te,,
phe_L[c],5315,TXA2tr,,
phe_L[m],5319,TXASr,,
phpyr[m],5320,TYR3MO2,,
thbpt[c],5321,TYRDOPO,,
tyr_L[c],5322,TYRDOPO3,,
thbpt4acam[c],533,TYRTAm,,
pail345p_hs[c],5330,UAGALDP,,
pail45p_hs[c],5331,UDPACGALtl,,
pail34p_hs[c],5332,UDPDOLPT_L,,
pail3p_hs[c],5333,UDPGALtg,,
pail4p_hs[c],5334,UDPGLCAtg,,
pchol_hs[e],5335,UDPGLDCg,,
lpchol_hs[e],53354,UDPGP,,
Rtotal2[e],5336,UDPtl,,
pnto_R[c],5337,UDPXYLter,,
cysam[c],5338,UDPXYLtg,,
pnto_R[e],534,UGALGTg,,
pppi[c],535,UGALNACtg,,
ppi[r],53630,UGLCNACtg,,
ppi[x],5372,UGT1A10r,,
phpyr[c],5373,UGT1A2r,,
2hyoxplac[c],539,UMPK3,,
pppg9[c],53905,UMPK6,,
pppg9[m],53919,UPPN,,
pram[c],53947,URAt,,
prostge2[e],54,URATEt,,
prostgi2[c],54020,UREAt5,,
pro_L[e],5409,UREAtm,,
pro_L[c],54187,URIDK2m,,
ps_hs[m],54363,URIt,,
ps_hs[c],54407,URIt4,,
ps_hs[e],54480,VALt5m,,
pristcoa[x],54511,VALTAm,,
prist[x],54539,VD3,,
phytcoa[x],54575,XOLEST2te,,
phyt[x],54576,XOLTRI24tc,,
ahdt[c],54577,XOLTRI24te,,
6pthp[c],54578,XOLTRI27tc,,
ptrc[c],54579,XOLTRI27te,,
7dhchsterol[c],54600,XSERtg,,
pd3[c],54657,XYLK,,
pydx[c],54658,XYLTD_Dr,,
pydx5p[c],54659,XYLTer,,
uri[c],54675,XYLtly,,
quln[c],5471,XYLTt,,
retinal[c],54716,XYLUR,,
retn[c],5476,r0016,,
13_cis_retn[c],548596,r0021,,
retinol_cis_11[c],54898,r0022,,
retinal_11_cis[c],549,r0023,,
ribflv[e],54963,r0024,,
ribflv[c],5498,r0027,,
rib_D[e],54988,r0028,,
rib_D[c],54995,r0033,,
cs_c_d_e_pre1[g],55,r0047,,
cs_d_pre5[g],55065,r0062,,
hs_pre12[g],55066,r0074,,
hs_pre13[g],55089,r0084,,
hs_pre14[g],55163,r0085,,
hs_pre15[g],55191,r0122,,
hs_deg11[l],55217,r0129,,
cs_e_deg1[l],55224,r0130,,
cs_e_deg5[l],55229,r0145,,
ksii_core2_deg1[l],55244,r0153,,
so4[c],55276,r0156,,
mepi[c],55293,r0165,,
sarcs[x],55304,r0173,,
fald[x],55312,r0178,,
sarcs[c],55315,r0179,,
sarcs[m],55326,r0186,,
sbt_D[c],55331,r0191,,
ser_D[e],55343,r0193,,
ser_D[c],55349,r0196,,
sgalside_hs[c],55350,r0208,,
gm3_hs[g],55361,r0210,,
sphmyln_hs[c],5538,r0221,,
so4[e],55454,r0249,,
sphgn[r],55500,r0276,,
sphings[c],55501,r0280,,
sphs1p[c],55512,r0283,,
sphmyln_hs[l],55568,r0308,,
o2[e],55577,r0309,,
spmd[c],55624,r0317,,
sql[r],55627,r0319,,
frdp[r],55650,r0354,,
srtn[e],55748,r0355,,
acngal14acglcgalgluside_hs[g],55757,r0361,,
strdnc[e],55790,r0364,,
ficytC[m],55808,r0365,,
focytC[m],55811,r0377,,
taur[e],55825,r0381,,
taur[x],55830,r0383,,
tchola[e],55856,r0389,,
tchola[c],55867,r0391,,
dhbpt[c],55902,r0394,,
thymd[e],55907,r0395,,
thymd[c],55967,r0407,,
thmtp[c],5625,r0408,,
thmpp[c],56261,r0409,,
thymd[m],56301,r0413,,
thym[e],5631,r0423,,
thym[c],5634,r0424,,
thyox_L[e],56474,r0425,,
thyox_L[c],56548,r0426,,
dtmp[m],5660,r0456,,
2dr1p[c],56606,r0472,,
trdox[c],56623,r0474,,
trdrd[c],56848,r0475,,
tre[c],56886,r0480,,
triodthy[e],56894,r0502,,
triodthy[c],56895,r0504,,
trp_L[c],56898,r0509,,
tststerone[e],56913,r0510,,
tststerone[c],56922,r0511,,
txa2[e],56953,r0512,,
txa2[c],56954,r0517,,
txa2[r],56983,r0527,,
dopaqn[c],56994,r0531,,
tyr_L[m],570,r0537,,
utp[c],57016,r0539,,
udpacgal[c],57026,r0553,,
udpgal[c],57030,r0555,,
ump[c],57084,r0560,,
udpxyl[g],57094,r0568,,
udpxyl[c],57194,r0578,,
udpxyl[r],57198,r0579,,
udpglcur[r],5723,r0584,,
dctp[c],5728,r0590,,
ura[e],57282,r0591,,
urate[c],5730,r0595,,
urate[e],57379,r0596,,
urea[e],57393,r0630,,
urea[c],5740,r0633,,
uri[e],57419,r0641,,
val_L[c],5742,r0666,,
val_L[m],5743,r0669,,
vitd3[c],57468,r0672,,
xolest2_hs[e],57571,r0698,,
xolest2_hs[c],57665,r0707,,
xoltri24[c],57678,r0750,,
xoltri24[e],57704,r0754,,
xoltri27[c],57818,r0755,,
xoltri27[e],57834,r0756,,
xser[r],57835,r0757,,
xylu_D[c],5805,r0758,,
xu5p_D[c],5825,r0774,,
xylt[c],5831,r0779,,
Ser_Gly_Ala_X_Gly[r],5832,r0781,,
xyl_D[c],5833,r0782,,
xylt[e],5834,r0783,,
xylu_L[c],5836,r0784,,
HC00617[c],5837,r0786,,
HC00619[c],587,r0787,,
Lcystin[c],59272,r0788,,
dpcoa[m],593,r0789,,
HC01434[x],594,r0795,,
HC00591[c],5947,r0797,,
lac_L[x],5948,r0812,,
fdp[c],5950,r0813,,
HC00250[c],5959,r0817,,
HC01496[m],5973,r0838,,
man1p[c],60481,r0840,,
gdpmann[c],60490,r0841,,
HC01668[m],6120,r0853,,
r5p[r],622,r0859,,
arachd[x],6240,r0899,,
pmtcoa[m],6241,r0907,,
hdd2coa[m],6296,r0927,,
HC00342[m],6303,r0934,,
ppa[m],6307,r0940,,
itp[c],6309,r0942,,
idp[c],6319,r0954,,
man6p[c],6342,r0970,,
3hpp[m],635,r0973,,
HC00682[m],6389,r0974,,
pydxn[c],6390,r0994,,
hxan[c],6391,r1015,,
HC00361[c],63917,r1019,,
e4p[c],6392,r1043,,
s7p[c],64064,r1044,,
HC01434[m],64078,r1045,,
dgmp[c],64080,r1050,,
dutp[c],64087,r1051,,
HC00718[c],64131,r1078,,
dhf[c],64132,r1088,,
fol[c],641371,r1106,,
dudp[c],641372,r1116,,
hxdcal[c],64220,r1117,,
sph1p[c],644,r1135,,
betald[c],644378,r1146,,
ptth[m],6448,r1147,,
pan4p[m],644974,r1148,,
dnad[c],645,r1150,,
HC01501[c],645740,r1154,,
3hpcoa[m],64579,r1155,,
cholcoa[c],64600,r1156,,
HC01415[m],646480,r1163,,
fpram[c],646486,r1253,,
HC01223[m],6470,r1291,,
xol7aone[r],64711,r1292,,
dcholcoa[x],6472,r1382,,
ahdt[e],64802,r1383,,
HC01361[e],64816,r1391,,
3mox4hpac[m],6482,r1392,,
homoval[m],6483,r1418,,
3m4hpga[m],6484,r1435,,
3mox4hoxm[m],64841,r1454,,
HC01609[e],64849,r1455,,
cpppg1[e],64850,r1457,,
co2[e],6487,r1495,,
gdpddman[c],64871,r1497,,
HC02228[c],6489,r1498,,
HC01842[c],65010,r1499,,
dcholcoa[c],6505,r1500,,
amp[x],6506,r1501,,
atp[x],6507,r1502,,
citr_L[e],6508,r1503,,
r5p[c],6509,r1540,,
ru5p_D[c],6510,r1544,,
adp[l],6511,r1546,,
atp[l],6512,r1547,,
ala_B[e],6513,r1548,,
HC00250[e],6514,r1549,,
mev_R[c],6515,r1551,,
mev_R[x],6517,r1552,,
cholate[r],6518,r1553,,
C02528[c],6519,r1554,,
C02528[r],6520,r1556,,
chsterol[e],6521,r1557,,
cit[e],6522,r1559,,
dtmp[c],65220,r1560,,
HC02110[r],6523,r1561,,
2obut[m],6524,r1562,,
2obut[c],6526,r1563,,
coa[r],6528,r1564,,
strdnc[r],6529,r1565,,
stcoa[r],6530,r1566,,
ppcoa[c],6531,r1567,,
7thf[c],6532,r1568,,
HC02136[c],6533,r1569,,
C02528[e],6534,r1570,,
tdchola[e],6535,r1571,,
tdchola[c],6536,r1573,,
dgchol[e],6538,r1574,,
HC02192[e],6539,r1575,,
HC02192[c],6540,r1576,,
HC02193[e],6541,r1578,,
HC02193[c],6542,r1579,,
HC02195[e],6543,r1580,,
HC02195[c],6546,r1581,,
HC02196[e],6547,r1583,,
HC02196[c],6554,r1584,,
HC02220[e],6555,r1585,,
HC02220[c],6556,r1586,,
trp_L[e],6557,r1587,,
tyr_L[e],6558,r1588,,
val_L[e],6560,r1589,,
ile_L[e],6564,r1590,,
zn2[e],6565,r1591,,
zn2[c],6566,r1592,,
pyr[e],6567,r1593,,
acac[e],6570,r1594,,
ppa[e],6571,r1595,,
ppa[c],6572,r1596,,
lac_L[e],6573,r1597,,
retn[e],6574,r1598,,
but[e],6575,r1599,,
bhb[e],6576,r1600,,
HC02191[e],6578,r1602,,
HC02191[c],6579,r1603,,
HC02194[e],6580,r1604,,
HC02194[c],6581,r1605,,
HC02197[e],6582,r1606,,
HC02197[c],6583,r1607,,
HC02198[e],6584,r1608,,
HC02198[c],65985,r1609,,
HC02199[c],66002,r1610,,
HC02199[e],66035,r1611,,
HC02200[c],6609,r1612,,
HC02200[e],6610,r1613,,
HC02201[c],6611,r1614,,
HC02201[e],6646,r1615,,
bilirub[e],6648,r1616,,
HC02187[e],6649,r1617,,
HC02187[c],6652,r1618,,
bilglcur[e],6675,r1619,,
HC02213[e],669,r1620,,
HC02213[c],6697,r1621,,
prostgi2[e],6713,r1622,,
HC00342[c],6715,r1623,,
glyc3p[m],6716,r1624,,
crn[r],6723,r1625,,
thcholstoic[c],6785,r1626,,
thcholstoic[x],6799,r1627,,
glcn[c],6817,r1628,,
6pgc[c],6818,r1629,,
dtdp[c],682,r1630,,
dttp[c],6820,r1631,,
CE2251[c],6821,r1632,,
CE2247[c],6822,r1633,,
CE2243[c],6833,r1634,,
arachcoa[c],686,r1635,,
docoscoa[c],6888,r1636,,
docosac[c],6898,r1637,,
ttccoa[c],6916,r1638,,
CE2705[c],6999,r1639,,
thbpt4acam[n],7001,r1640,,
CE2705[n],7054,r1641,,
CE2870[c],7084,r1642,,
CE2866[c],7086,r1643,,
maltttr[c],7108,r1644,,
CE2839[e],7166,r1645,,
CE2838[e],7167,r1646,,
CE0737[c],7173,r1647,,
CE1243[c],7263,r1648,,
N1aspmd[c],7264,r1649,,
n8aspmd[c],728441,r1650,,
pail45p_hs[m],7296,r1651,,
CE5101[m],7298,r1652,,
dump[c],7299,r1653,,
CE5236[n],7350,r1654,,
CE1918[c],7351,r1655,,
23cump[e],7352,r1656,,
3ump[e],7355,r1657,,
CE1261[c],7357,r1658,,
C09642[c],7360,r1659,,
CE5626[c],7363,r1660,,
CE5629[c],7364,r1661,,
CE4890[c],7368,r1662,,
HC02205[c],7371,r1664,,
CE2026[m],7372,r1665,,
dchac[c],7378,r1666,,
dchac[r],7381,r1668,,
C05300[r],7384,r1669,,
CE5786[e],7385,r1670,,
CE5789[e],7386,r1671,,
CE5276[c],7388,r1672,,
CE5025[c],7389,r1673,,
CE4968[m],7390,r1674,,
CE4970[m],7498,r1675,,
CE6205[c],759,r1676,,
CE4872[m],760,r1677,,
thcholstoic[m],762,r1678,,
C02712[c],763,r1679,,
udpgal[r],765,r1680,,
galside_hs[r],766,r1681,,
CE0074[c],767,r1682,,
CE4990[c],768,r1683,,
leuktrB4[x],771,r1684,,
CE4990[x],7779,r1685,,
CE2567[c],7837,r1686,,
CE7172[c],788,r1687,,
C06315[c],790,r1690,,
C06314[c],79017,r1691,,
cpppg3[c],79071,r1692,,
C05770[c],7915,r1693,,
CE4793[c],79178,r1695,,
CE5114[c],7923,r1696,,
CE4812[c],79369,r1698,,
CE2209[c],7941,r1700,,
CE4811[c],79581,r1701,,
CE4810[c],79586,r1702,,
CE4821[c],79611,r1705,,
CE4819[c],79623,r1706,,
CE4817[c],79646,r1707,,
CE4841[c],79695,r1708,,
CE4840[c],79717,r1710,,
CE4842[c],79751,r1711,,
CE4843[c],79799,r1713,,
CE5144[c],79814,r1715,,
CE5151[c],79837,r1716,,
CE5152[c],79901,r1717,,
CE5155[c],7991,r1720,,
CE5156[c],79966,r1721,,
CE5148[c],80025,r1722,,
CE5150[c],80142,r1723,,
CE5153[c],80146,r1725,,
CE5154[c],80150,r1726,,
CE5157[c],80162,r1728,,
CE5158[c],80168,r1730,,
nrvnccoa[c],80201,r1731,,
nrvnc[c],80235,r1732,,
CE2510[c],80270,r1733,,
doco13ac[c],80271,r1734,,
CE5160[c],80308,r1735,,
CE5161[c],80339,r1736,,
CE5162[c],8034,r1737,,
C14771[c],80347,r1738,,
CE5944[c],8050,r1739,,
CE5944[x],80704,r1740,,
CE4987[c],80724,r1741,,
CE4988[c],81031,r1742,,
CE4988[x],8140,r1743,,
CE7088[c],81490,r1744,,
HC02203[c],81537,r1745,,
HC02207[c],81539,r1746,,
uppg3[c],81579,r1747,,
C05767[c],81616,r1748,,
doco13ac[e],81894,r1749,,
doco13ecoa[c],8228,r1750,,
hxcoa[m],8277,r1751,,
hxcoa[x],8288,r1752,,
hxcoa[c],8309,r1753,,
4hpro_LT[e],83468,r1754,,
4hpro_LT[c],83549,r1755,,
fol[e],83594,r1756,,
leuleu[c],83697,r1757,,
lnlc[e],8372,r1758,,
progly[e],83733,r1759,,
progly[c],83884,r1760,,
avite1[c],8394,r1761,,
avite1[e],8395,r1762,,
oh1[c],8396,r1763,,
oh1[e],8398,r1764,,
q10[e],8399,r1765,,
q10[c],84002,r1766,,
dhap[m],8402,r1767,,
5dpmev[c],84076,r1768,,
fmn[e],84105,r1769,,
6pgl[c],84129,r1770,,
dmpp[c],8424,r1771,,
mal_L[x],8435,r1772,,
oaa[x],84532,r1773,,
5pmev[c],84569,r1774,,
1pyr5c[c],84618,r1775,,
pheme[e],84649,r1776,,
ptrc[e],84679,r1777,,
34hpp[e],84693,r1778,,
aicar[e],847,r1779,,
anth[e],84701,r1780,,
4hpro_LT[m],84706,r1781,,
idour[e],8473,r1782,,
kynate[e],84735,r1783,,
3hanthrn[e],84750,r1784,,
hLkynr[e],84752,r1785,,
quln[e],84812,r1786,,
ethamp[e],84869,r1787,,
glcur[e],84889,r1788,,
udpglcur[e],84890,r1789,,
imp[e],84912,r1790,,
orot5p[e],84920,r1791,,
glyc[e],8501,r1792,,
retinol[e],8503,r1796,,
acrn[e],8509,r1797,,
pcrn[e],8525,r1798,,
lneldccrn[c],8526,r1799,,
lneldccrn[e],8527,r1800,,
odecrn[c],8528,r1801,,
odecrn[e],85320,r1803,,
stcrn[c],8534,r1805,,
stcrn[e],8560,r1806,,
pmtcrn[c],8564,r1807,,
pmtcrn[e],8566,r1808,,
hdcecrn[c],8574,r1809,,
hdcecrn[e],8604,r1810,,
HC00342[e],8608,r1811,,
lipid_membrane[c],8611,r1812,,
proteome[c],8612,r1813,,
transcriptome[c],8613,r1814,,
eidi1114ac[c],8622,r1815,,
glyc2p[c],8639,r1816,,
ttdcrn[c],8644,r1817,,
ttdcrn[e],8647,r1818,,
12HPET[e],8654,r1819,,
2oxoadp[e],8659,r1820,,
4aabutn[e],8671,r1821,,
5aop[c],8693,r1822,,
5aop[e],8694,r1823,,
5HPET[e],8702,r1824,,
7dhchsterol[e],8703,r1825,,
C02712[e],8704,r1826,,
tdechola[c],8705,r1827,,
tdechola[e],8706,r1828,,
C06314[e],8707,r1829,,
C14771[e],8708,r1830,,
CE1243[e],8714,r1831,,
CE2510[e],873,r1832,,
nrvnc[e],874,r1833,,
CE2537[c],875,r1834,,
CE2537[e],8760,r1835,,
eidi1114ac[e],8776,r1836,,
elaidcrn[c],8781,r1837,,
elaidcrn[e],8789,r1841,,
hxcoa[e],8801,r1842,,
Lcyst[e],8802,r1843,,
mev_R[e],8803,r1844,,
nwharg[e],8821,r1846,,
pac[c],8824,r1847,,
pac[e],883,r1848,,
estriol[e],8833,r1850,,
mepi[e],8836,r1851,,
tre[e],8854,r1852,,
retinal[e],8867,r1853,,
maltttr[e],8869,r1854,,
leuleu[e],8871,r1855,,
thbpt[e],8875,r1856,,
homoval[e],8876,r1857,,
mlthf[c],8877,r1858,,
pgp_hs[m],8879,r1859,,
pglyc_hs[m],8884,r1860,,
acnam[e],8898,r1861,,
ppp9[c],8908,r1862,,
f1a[e],8942,r1863,,
34hpl[c],8972,r1864,,
dxtrn[e],8974,r1865,,
grdp[c],89869,r1866,,
2pg[c],89872,r1867,,
glyald[c],89874,r1871,,
fe3[c],8992,r1872,,
fmn[c],9016,r1873,,
ttc_ggdp[c],90161,r1874,,
13dpg[c],9023,r1876,,
xmp[c],90423,r1877,,
ppbng[c],9045,r1879,,
hmbil[c],9056,r1880,,
methf[c],9057,r1881,,
4ppan[c],9060,r1882,,
4ppcys[c],9061,r1883,,
pser_L[c],9114,r1884,,
thm[c],91179,r1885,,
HC01434[c],91227,r1886,,
gua[e],9123,r1887,,
adprib[c],91373,r1888,,
glyc_R[c],9152,r1889,,
acmana[c],9153,r1890,,
gal1p[c],9154,r1891,,
lgt_S[c],9162,r1892,,
urcan[c],9167,r1893,,
hxan[e],91703,r1894,,
im4ac[c],91734,r1895,,
4izp[c],9187,r1896,,
xyl_D[e],9194,r1897,,
pydxn[e],9197,r1898,,
thm[e],92086,r1899,,
phpyr[e],9227,r1900,,
CE4970[c],92370,r1901,,
CE4970[e],9245,r1902,,
CE2026[c],92483,r1903,,
CE2026[e],92579,r1904,,
CE4968[c],92745,r1905,,
CE4968[e],9296,r1906,,
td2glutrcoa[m],93010,r1907,,
3hglutcoa[m],93034,r1908,,
3ohglutac[m],93100,r1909,,
3ohglutac[c],93183,r1910,,
3ohglutac[e],9331,r1911,,
caproic[c],9334,r1912,,
CE7172[e],9348,r1913,,
pail_hs[e],93517,r1914,,
pe15_hs[c],9356,r1915,,
pe15_hs[e],93650,r1916,,
3aib[e],9374,r1917,,
2hydog[c],9376,r1918,,
2hydog[e],9377,r1919,,
glutar[c],9380,r1920,,
glutar[e],9394,r1921,,
eic21114tr[c],93979,r1922,,
eic21114tr[e],94033,r1923,,
CE2209[e],9415,r1924,,
mma[e],9420,r1925,,
2hyoxplac[e],9429,r1926,,
n8aspmd[e],9435,r1928,,
C09642[e],9453,r1929,,
ppp9[e],9468,r1930,,
mlthf[e],9469,r1931,,
CE4890[e],948,r1932,,
selmeth[e],9481,r1933,,
selmeth[c],9488,r1934,,
CE2705[e],9489,r1935,,
hdd2crn[e],949,r1936,,
hdd2crn[c],9498,r1937,,
N1aspmd[e],95,r1938,,
CE1918[e],9514,r1939,,
34dhpha[e],9517,r1940,,
34dhoxmand[e],952,r1941,,
CE6205[e],953,r1942,,
andrstandn[c],9536,r1943,,
C05767[e],954,r1944,,
C05770[e],955,r1945,,
ppbng[e],9550,r1946,,
glcn[e],9551,r1947,,
CE0737[e],956,r1948,,
im4ac[e],9563,r1949,,
sphgn[e],957,r1950,,
CE5665[c],9583,r1951,,
23dh1i56dio[c],9588,r1952,,
4glu56dihdind[c],9615,r1953,,
CE5025[e],9651,r1954,,
CE5629[e],9653,r1955,,
dhcrm_hs[r],97,r1956,,
Rtotal[r],9791,r1957,,
gm1_hs[l],98,r1958,,
gm2_hs[l],9843,r1959,,
ga1_hs[l],9942,r1960,,
ga2_hs[l],9945,r1961,,
ga1_hs[e],9951,r1962,,
gluside_hs[e],9953,r1963,,
crm_hs[e],9955,r1964,,
gm1_hs[e],9956,r1965,,
gm3_hs[l],9957,r1966,,
gd1c_hs[e],9962,r1967,,
gm1b_hs[e],9963,r1968,,
gd1b_hs[e],9990,r1969,,
gt1b_hs[e],,r1970,,
gq1b_hs[e],,r1971,,
sphmyln_hs[e],,r1972,,
caproic[e],,r1973,,
M00127[c],,r1974,,
tmndnc[c],,r1975,,
M02686[c],,r1976,,
M02758[c],,r1977,,
galgluside_hs[r],,r1978,,
ga2_hs[c],,r1979,,
gm3_hs[c],,r1980,,
gm2_hs[c],,r1981,,
gd2_hs[c],,r1982,,
gd1b_hs[c],,r1983,,
gt1b_hs[c],,r1984,,
acglcgalgluside_hs[c],,r1985,,
galacglcgalgluside_hs[c],,r1986,,
M02195[c],,r1987,,
galfucgalacglcgalgluside_hs[c],,r1988,,
M01989[c],,r1989,,
CE4791[c],,r1990,,
ttdcrn[m],,r1991,,
crn[m],,r2073,,
M00129[m],,r2079,,
stcrn[r],,r2080,,
M00673[c],,r2081,,
M01966[c],,r2082,,
M01966[e],,r2083,,
M02467[c],,r2084,,
M02467[e],,r2085,,
CE0074[e],,r2086,,
M03168[m],,r2087,,
12dhchol[c],,r2088,,
12dhchol[e],,r2089,,
3dhchol[c],,r2090,,
3dhcdchol[c],,r2091,,
3dhcdchol[e],,r2092,,
3dhchol[e],,r2093,,
3dhdchol[c],,r2094,,
7dhcdchol[c],,r2095,,
7dhcdchol[e],,r2096,,
7dhchol[c],,r2097,,
7dhchol[e],,r2098,,
ca24g[c],,r2099,,
ca24g[r],,r2100,,
ca24g[e],,r2101,,
ca3s[c],,r2102,,
cdca24g[c],,r2103,,
cdca24g[r],,r2104,,
cdca24g[e],,r2105,,
cdca3g[c],,r2106,,
cdca3g[r],,r2107,,
cdca3g[e],,r2108,,
hyochol[c],,r2109,,
coprost[c],,r2110,,
coprost[e],,r2111,,
dca24g[c],,r2112,,
dca24g[r],,r2113,,
dca24g[e],,r2114,,
dca3g[c],,r2115,,
dca3g[r],,r2116,,
dca3g[e],,r2117,,
dca3s[c],,r2118,,
gca3s[c],,r2119,,
gcdca3s[c],,r2120,,
gdca3s[c],,r2121,,
gudca3s[c],,r2122,,
tca3s[c],,r2123,,
tcdca3s[c],,r2124,,
tdca3s[c],,r2125,,
thyochol[c],,r2126,,
tudca3s[c],,r2127,,
udca3s[c],,r2128,,
hca24g[c],,r2129,,
hyochol[r],,r2130,,
hca24g[r],,r2131,,
hca24g[e],,r2132,,
hca6g[c],,r2133,,
hca6g[r],,r2139,,
hca6g[e],,r2140,,
hyochol[e],,r2141,,
icdchol[c],,r2142,,
icdchol[e],,r2143,,
isochol[c],,r2144,,
isochol[e],,r2145,,
uchol[c],,r2146,,
uchol[e],,r2147,,
h[i],,r2148,,
2425dhvitd3[csf],,r2149,,
34dhoxpeg[csf],,r2150,,
3aib[csf],,r2151,,
3mlda[csf],,r2152,,
ach[csf],,r2153,,
acnacngal14acglcgalgluside_hs[csf],,r2154,,
ala_D[csf],,r2155,,
arach[csf],,r2156,,
arachd[csf],,r2157,,
bhb[csf],,r2158,,
bildglcur[csf],,r2159,,
bilglcur[csf],,r2160,,
bilirub[csf],,r2161,,
chol[csf],,r2162,,
cholate[csf],,r2163,,
chsterol[csf],,r2164,,
co[csf],,r2165,,
creat[csf],,r2166,,
crn[csf],,r2167,,
cspg_a[csf],,r2168,,
cspg_b[csf],,r2169,,
cspg_d[csf],,r2170,,
cspg_e[csf],,r2171,,
dgchol[csf],,r2172,,
dopasf[csf],,r2173,,
estradiol[csf],,r2174,,
estrones[csf],,r2175,,
fucacngalacglcgalgluside_hs[csf],,r2176,,
fucgalfucgalacglcgalgluside_hs[csf],,r2177,,
galgalfucfucgalacglcgalacglcgal14acglcgalgluside_hs[csf],,r2178,,
gbside_hs[csf],,r2179,,
gchola[csf],,r2180,,
gd1c_hs[csf],,r2181,,
gq1b_hs[csf],,r2182,,
gq1balpha_hs[csf],,r2183,,
gthox[csf],,r2184,,
h2o2[csf],,r2185,,
ha[csf],,r2186,,
hco3[csf],,r2187,,
hdca[csf],,r2188,,
hspg[csf],,r2189,,
imp[csf],,r2190,,
inost[csf],,r2191,,
ksii_core2[csf],,r2192,,
lac_D[csf],,r2193,,
leuktrB4[csf],,r2194,,
leuktrD4[csf],,r2195,,
leuktrE4[csf],,r2196,,
lneldc[csf],,r2197,,
lnlc[csf],,r2201,,
lnlnca[csf],,r2202,,
lpchol_hs[csf],,r2203,,
mag_hs[csf],,r2204,,
no[csf],,r2205,,
nrpphr[csf],,r2206,,
nrvnc[csf],,r2207,,
o2s[csf],,r2208,,
oagd3_hs[csf],,r2209,,
ocdca[csf],,r2210,,
ocdcea[csf],,r2211,,
pchol_hs[csf],,r2212,,
pe_hs[csf],,r2213,,
pglyc_hs[csf],,r2214,,
prostge2[csf],,r2215,,
ps_hs[csf],,r2216,,
retinol[csf],,r2217,,
Rtotal2[csf],,r2308,,
strdnc[csf],,r2309,,
tchola[csf],,r2310,,
tdchola[csf],,r2311,,
thym[csf],,r2312,,
tststerone[csf],,r2329,,
txa2[csf],,r2335,,
urate[csf],,r2343,,
xoltri24[csf],,r2353,,
xoltri27[csf],,r2370,,
xylt[csf],,r2372,,
ahdt[csf],,r2447,,
HC00250[csf],,r2449,,
HC01361[csf],,r2465,,
HC01609[csf],,r2472,,
cpppg1[csf],,r2473,,
prostgi2[csf],,r2482,,
citr_L[csf],,r2483,,
C02528[csf],,r2484,,
HC02195[csf],,r2485,,
HC02196[csf],,r2486,,
HC02220[csf],,r2487,,
HC02194[csf],,r2488,,
HC02213[csf],,r2489,,
CE2839[csf],,r2490,,
CE2838[csf],,r2491,,
23cump[csf],,r2492,,
3ump[csf],,r2493,,
CE5786[csf],,r2494,,
CE5789[csf],,r2495,,
CE0074[csf],,r2496,,
doco13ac[csf],,r2497,,
leuleu[csf],,r2507,,
tdechola[csf],,r2510,,
fmn[csf],,r2516,,
q10[csf],,r2517,,
34hpp[csf],,r2519,,
aicar[csf],,r2520,,
anth[csf],,RE0124C,,
idour[csf],,RE0344C,,
ethamp[csf],,RE0453C,,
kynate[csf],,RE0565C,,
quln[csf],,RE0566C,,
3hanthrn[csf],,RE0567C,,
udpglcur[csf],,RE0568C,,
hLkynr[csf],,RE0577C,,
orot5p[csf],,RE0578C,,
acrn[csf],,RE0579C,,
pcrn[csf],,RE0583C,,
stcrn[csf],,RE0830C,,
12HPET[csf],,RE0830N,,
2oxoadp[csf],,RE0908C,,
4aabutn[csf],,RE0912C,,
5HPET[csf],,RE0915C,,
7dhchsterol[csf],,RE0958E,,
C02712[csf],,RE1077C,,
C06314[csf],,RE1100C,,
C14771[csf],,RE1234C,,
eidi1114ac[csf],,RE1235C,,
CE7172[csf],,RE1303C,,
elaidcrn[csf],,RE1342C,,
hxcoa[csf],,RE1447M,,
mev_R[csf],,RE1530C,,
nwharg[csf],,RE1709N,,
ttdcrn[csf],,RE1711C,,
estriol[csf],,RE1834C,,
5aop[csf],,RE1835C,,
CE2510[csf],,RE1836X,,
Lcyst[csf],,RE1860E,,
pac[csf],,RE1915C,,
mepi[csf],,RE1918C,,
retinal[csf],,RE1919C,,
maltttr[csf],,RE1921C,,
progly[csf],,RE1925C,,
thbpt[csf],,RE2069C,,
homoval[csf],,RE2111M,,
f1a[csf],,RE2112C,,
HC00342[csf],,RE2112R,,
dxtrn[csf],,RE2235R,,
glcn[csf],,RE2270E,,
acac[csf],,RE2296C,,
adn[csf],,RE2427M,,
akg[csf],,RE2428M,,
asn_L[csf],,RE2562C,,
asp_L[csf],,RE2626M,,
but[csf],,RE2640C,,
cgly[csf],,RE2649M,,
co2[csf],,RE2660N,,
dcyt[csf],,RE2677R,,
fe2[csf],,RE2799C,,
gal[csf],,RE2814R,,
glu_L[csf],,RE2888C,,
h[csf],,RE2954C,,
ile_L[csf],,RE2972M,,
ins[csf],,RE3010C,,
lac_L[csf],,RE3010X,,
lys_L[csf],,RE3033C,,
met_L[csf],,RE3036C,,
na1[csf],,RE3038C,,
o2[csf],,RE3040C,,
pro_L[csf],,RE3044C,,
ser_L[csf],,RE3052C,,
so4[csf],,RE3095C,,
thymd[csf],,RE3103C,,
val_L[csf],,RE3104C,,
pnto_R[csf],,RE3106C,,
ala_L[csf],,RE3108C,,
his_L[csf],,RE3110C,,
thr_L[csf],,RE3112C,,
gln_L[csf],,RE3113C,,
phe_L[csf],,RE3119C,,
tyr_L[csf],,RE3120C,,
arg_L[csf],,RE3121C,,
for[csf],,RE3122C,,
cit[csf],,RE3161C,,
csn[csf],,RE3162C,,
fol[csf],,RE3163C,,
fru[csf],,RE3164C,,
glcur[csf],,RE3224C,,
glyc[csf],,RE3225C,,
hxan[csf],,RE3226C,,
malt[csf],,RE3227C,,
man[csf],,RE3228C,,
rib_D[csf],,RE3229C,,
thm[csf],,RE3230C,,
trp_L[csf],,RE3231C,,
ura[csf],,RE3232C,,
xyl_D[csf],,RE3234C,,
pydxn[csf],,RE3235C,,
34dhpha[csf],,RE3236C,,
gam[csf],,RE3237C,,
tre[csf],,RE3238C,,
btn[csf],,RE3239C,,
ade[csf],,RE3241C,,
pheme[csf],,RE3242C,,
gua[csf],,RE3243C,,
taur[csf],,RE3244C,,
phpyr[csf],,RE3245C,,
2hyoxplac[csf],,RE3273C,,
CE4970[csf],,RE3289C,,
CE2026[csf],,RE3346M,,
CE4968[csf],,RE3430C,,
3ohglutac[csf],,RE3430X,,
eic21114tr[csf],,RE3431C,,
CE2209[csf],,RE3432C,,
34dhoxmand[csf],,RE3432X,,
n8aspmd[csf],,RE3496C,,
CE6205[csf],,RE3566C,,
CE4890[csf],,RE3567C,,
C09642[csf],,RE3637C,,
C05767[csf],,CITt4_4,,
C05770[csf],,GLYt7_311_r,,
ppbng[csf],,INSTt4_2,,
mma[csf],,PIt8,,
CE0737[csf],,PIt9,,
im4ac[csf],,PROt4_2_r,,
CE1918[csf],,C2tcx,,
mlthf[csf],,DCSPTN1COAtxc,,
ppp9[csf],,DOCO13EFATP,,
CE2705[csf],,DOCOSACT,,
sphgn[csf],,FAOXC15ATPx,,
N1aspmd[csf],,FAOXC16BRx,,
CE5025[csf],,FAOXC8C6m,,
CE5629[csf],,FAOXC8C6x,,
pail_hs[csf],,HEXCOAACBP,,
CE1243[csf],,34DHPHELAT1tc,,
ga1_hs[csf],,4OHPROIMINOtc,,
gm1_hs[csf],,ALAyLATthc,,
glc_D[csf],,ASCBSVCTtc,,
ca24g[csf],,BALABETAtc,,
cdca24g[csf],,CYSSNAT5tc,,
cdca3g[csf],,FOLTle,,
dca24g[csf],,GALSGLT1le,,
dca3g[csf],,GLCSGLT1le,,
hca24g[csf],,GLNyLATthc,,
hca6g[csf],,GLYSNAT5tc,,
hyochol[csf],,HISSNAT5tc,,
caproic[csf],,HISyLATtc,,
M01966[csf],,HISyLATthc,,
m2mn[l],,LEULEULAPc,,
man[l],,LEUyLAThtc,,
mn[l],,LINOFATPtc,,
acrn[m],,METyLATthc,,
adrnl[e],,OLEICFATPtc,,
n2m2mn[l],,PALFATPtc,,
andrstrn[e],,PHEyLATthc,,
apoC[c],,PROGLYPEPT1tc,,
apoC_Lys[c],,PROGLYPRO1c,,
apoC_Lys_btn[c],,PROIMINOtc,,
biocyt[c],,TAUBETAtc,,
asp_D[x],,VITEtl,,
btamp[c],,3HCO3_NAt,,
4tmeabutn[c],,4HPROLTASCT1,,
succ[c],,5MTHFt2le,,
caro[c],,ADNt5le,,
bz[e],,ASPDTDe,,
bz[c],,ASPPROASCT1,,
bz[r],,ASPte,,
zym_int2[r],,BIDGLCURr,,
caro[e],,BTNt3ile,,
coke[r],,CHOLESACATc,,
egme[r],,CHOLESTle,,
dhea[r],,CHSTEROLtrc,,
dhea[c],,CRNrtx,,
ethamp[r],,CYTDt5le,,
dtdp[n],,Coqe,,
dttp[n],,DATPtm,,
s2l2n2m2m[l],,DCTPtm,,
s2l2n2m2mn[l],,DGTPtm,,
prist[c],,DHAPtc,,
pristcoa[c],,DPMVDc,,
phyt[c],,DSREDUCr,,
phytcoa[c],,DTMPKm,,
octa[c],,FADH2ETC,,
crvnc[e],,FE2DMT1,,
formcoa[c],,FMNALKPle,,
formcoa[x],,FRDPtcr,,
l2n2m2mn[l],,G6PDH2c,,
3htmelys[c],,GLUPROASCT1,,
4tmeabut[c],,GNDc,,
andrstndn[r],,GSNt5le,,
eandrstrn[r],,INSt5le,,
k[g],,IPDDI,,
leuktrA4[e],,MAL_Ltx,,
ttccoa[x],,MDHx,,
udp[e],,MEVK1c,,
ump[e],,P5CR,,
utp[e],,PGLc,,
atp[n],,PHEMEe,,
adp[n],,PMEVKc,,
octa[e],,PNTOt5le,,
phyt2ohcoa[x],,PPItm,,
succ[x],,PTCRTD,,
phyt[e],,RPEc,,
pyam5p[c],,RTOTAL2FATPc,,
retfa[e],,RTOTALFATPc,,
sph1p[e],,THMDt5le,,
tmlys[c],,URIt5le,,
dhap[e],,q10tm,,
dha[e],,34HPPte,,
C02470[c],,AICARte,,
C02470[e],,ANTHte,,
met_L[m],,DM_4hrpo,,
HC02203[e],,DM_Lcystin,,
C02712[m],,DM_fol,,
CE5797[e],,DM_pnto_R,,
CE5798[e],,IDOURte,,
C13856[c],,KYNATEtr,,
HC02191[r],,3ANTHRNtr,,
CE7082[c],,HKYNRtr,,
vacc[e],,QULNtr,,
cala[e],,ETHAMPtr,,
cholp[e],,GLCURtr,,
dcmp[e],,UDPGLCURtr,,
icit[e],,IMPtr,,
xan[e],,OROT5Ptr,,
sphmyln1824_hs[c],,ALAPAT4te,,
amet[e],,ARACHDFATPtc,,
CE0955[c],,CLCFTRte,,
CE0955[e],,DOPAENT4tc,,
tmlys[e],,FOLOAT2tc,,
Lhcystin[c],,FOLOATPtc,,
Lhcystin[e],,GSNt2r,,
s2l2n2m2m[e],,H2OGLYAQPt,,
s2l2n2m2m[c],,LGNCFATPtc,,
cyst_L[c],,PGLYCABCte,,
HC01668[c],,PROPAT4te,,
pydam[c],,TCHOLABCtc,,
pydam[e],,FRUt4,,
CE7082[e],,GALt4,,
pelinl_hs[c],,GLCt4,,
pelinl_hs[e],,MANt4,,
sphmyln1824_hs[e],,RIBFLVte,,
egme[c],,TRPt,,
egme[e],,r1492,,
12ppd_R[e],,CHSTEROLt,,
xylu_L[e],,RETt,,
xylu_D[e],,AVITE1t,,
sphings[e],,r0963,,
C13856[e],,r0295,,
prist[e],,ACRNte,,
coke[e],,PCRNte,,
coke[c],,LNELDCCRNte,,
sphings[n],,ODECRNte,,
sphs1p[n],,STCRNte,,
M02637[c],,PMTCRNte,,
M02637[m],,HDCECRNte,,
lnlncacoa[m],,HC00342te,,
3dhlchol[c],,biomass_maintenance,,
lca24g[c],,CE4843HYDc,,
lca3s[c],,GPDDACHOL,,
lca24g[r],,GLYC2P3Pc,,
lca24g[e],,TTDCRNNAt,,
lca3g[c],,12HPETATP,,
lca3g[r],,2OXOADPt,,
lca3g[e],,4AABUTNt,,
2hb[csf],,5AOPt,,
5mthf[csf],,5HPETtd,,
adrnl[csf],,7DHCHSTEROLtd,,
andrstrn[csf],,C02712te,,
asp_D[csf],,C03990t,,
caro[csf],,C05463t2,,
crvnc[csf],,C06314t,,
dheas[csf],,C14771ATP,,
dopa[csf],,CE1243ATP,,
gthrd[csf],,CE2510t,,
leuktrA4[csf],,CE2513td,,
octa[csf],,CE2537ATP,,
phyt[csf],,CE4843td,,
retfa[csf],,ELAIDCRNtd,,
retn[csf],,HXCOAte,,
sph1p[csf],,HXCOAtx,,
srtn[csf],,LCYSTt,,
vacc[csf],,MEV_Rt,,
dha[csf],,NWHARGtd,,
dhap[csf],,pac,,
C02470[csf],,ESTRIOLATP,,
HC02191[csf],,HC02220c,,
HC02203[csf],,HC02195te,,
CE5797[csf],,HC02196te,,
CE5798[csf],,HC02194te,,
crm_hs[csf],,r0202m,,
cala[csf],,MEPIt,,
cholp[csf],,TREt,,
dcmp[csf],,RETINALt,,
icit[csf],,MALTTTRt,,
amet[csf],,LEULEUt,,
CE0955[csf],,THBPTt,,
CE7082[csf],,HOMOVALte,,
sphmyln1824_hs[csf],,HDCECRNtr,,
tmlys[csf],,LNELDCCRNtr,,
bz[csf],,ODECRNtr,,
Lhcystin[csf],,PMTCRNtr,,
s2l2n2m2m[csf],,STCRNtr,,
acnam[csf],,PA_HStm,,
cytd[csf],,FldAct,,
dad_2[csf],,PGPP_hsc,,
dgsn[csf],,CE2512te,,
h2o[csf],,ACNAMt2,,
k[csf],,ARGtD,,
leu_L[csf],,CA2t,,
orn[csf],,DM_for[c],,
pi[csf],,PPPGOc,,
ribflv[csf],,UNK3r,,
cys_L[csf],,F1Ate,,
xan[csf],,34HPLtm,,
pydam[csf],,PGP_hs_tm,,
ppa[csf],,PROSTGE2t2r,,
egme[csf],,ESTR2r,,
12ppd_R[csf],,PGLYCtm,,
xylu_L[csf],,DXTRNt,,
xylu_D[csf],,ACACT1r,,
sphings[csf],,ACACt2,,
prist[csf],,ACONT,,
coke[csf],,ACS,,
lca24g[csf],,ADK1,,
lca3g[csf],,ADNCNT3tc,,
C13856[csf],,ADPT,,
hdca6g[c],,ADSS,,
hdca6g[e],,ALAR,,
hdca24g[c],,ASPTA,,
hdca24g[e],,BPNT,,
xol24oh24g[c],,BUTt2r,,
xol24oh24g[e],,CBPS,,
xoltri25[c],,CO2t,,
xoltri25[e],,CPPPGO,,
xol24oh[c],,CTPS1,,
xol24oh[e],,CYTDt2r,,
xol25oh[c],,DHFR,,
xol25oh[e],,DHORTS,,
M01179[c],,DHPR,,
M01179[e],,DMATT,,
M00979[c],,DM_atp_c_,,
M00979[e],,DURIPP,,
CE2345[c],,ENO,,
CE2345[e],,FBA,,
CE1292[c],,FBA2,,
CE1292[e],,FBP,,
xol27oh[c],,FCLTc,,
xol27oh[e],,FERO,,
M02155[c],,FMNAT,,
M02155[r],,FT,,
hdca6g[r],,FUM,,
hdca24g[r],,G3PD1,,
xol24oh24g[r],,G6PDH2r,,
xol27oh[m],,GALU,,
CE3038[c],,GALt2_2,,
CE1292[m],,GAPD,,
CE3038[m],,GF6PTA,,
xoltri25[r],,GHMT2r,,
M01179[r],,GK1,,
xoltri27[m],,GLNS,,
CE2345[m],,GMAND,,
CE1298[c],,GMPS2,,
CE1298[m],,GRTT,,
M00979[r],,GTPCI,,
hdca6g[csf],,H2CO3D,,
hdca24g[csf],,H2Ot,,
xol24oh24g[csf],,HEX1,,
xoltri25[csf],,HMBS,,
xol24oh[csf],,ILETA,,
xol25oh[csf],,IMPD,,
M01179[csf],,INSt2,,
M00979[csf],,LEUTA,,
CE2345[csf],,L_LACt2r,,
CE1292[csf],,MAN6PI,,
xol27oh[csf],,MTHFC,,
34dhphe[csf],,NADK,,
4abut[csf],,NAt3_1,,
acetone[csf],,NDPK1,,
ac[csf],,NDPK6,,
gly[csf],,NDPK9,,
ascb_L[csf],,NNATr,,
amp[csf],,O2t,,
ala_B[csf],,OMPDC,,
ca2[csf],,PGI,,
cl[csf],,PGK,,
oxa[csf],,PGL,,
din[csf],,PGM,,
dag_hs[csf],,PGMT,,
dhdascb[csf],,PMANM,,
duri[csf],,PNTK,,
estradiolglc[csf],,PPA,,
ak2lgchol_hs[csf],,PPBNGS,,
avite1[csf],,PPCDC,,
gsn[csf],,PPM,,
ha_pre1[csf],,PPNCL3,,
hista[csf],,PROD2,,
hom_L[csf],,PRPPS,,
lgnc[csf],,PSERT,,
paf_hs[csf],,PSP_L,,
Rtotal[csf],,PUNP1,,
ser_D[csf],,PUNP5,,
thyox_L[csf],,RBFK,,
triodthy[csf],,RNDR1,,
xolest2_hs[csf],,RNDR2,,
fe3[csf],,RNDR4,,
lcts[csf],,RPE,,
uri[csf],,RPI,,
urea[csf],,SPODM,,
ptrc[csf],,TALA,,
HC02192[csf],,THMDt2r,,
HC02193[csf],,TKT1,,
HC02199[csf],,TKT2,,
HC02200[csf],,TMDPK,,
HC02201[csf],,TPI,,
zn2[csf],,UAG4E,,
pyr[csf],,UAGDP,,
HC02197[csf],,UDPG4E,,
HC02198[csf],,UPP3S,,
HC02187[csf],,UPPDC1,,
4hpro_LT[csf],,UREAt,,
oh1[csf],,URIDK3,,
lneldccrn[csf],,URIt2r,,
odecrn[csf],,VALTA,,
pmtcrn[csf],,r0082,,
hdcecrn[csf],,r0345,,
pe15_hs[csf],,r0422,,
CE2537[csf],,r0570,,
sphmyln_hs[csf],,ACCOAC,,
glutar[csf],,NTD7,,
2hydog[csf],,NTD8,,
selmeth[csf],,NADS2,,
hdd2crn[csf],,GUAt,,
gluside_hs[csf],,ADPRDP,,
gm1b_hs[csf],,RBK,,
gd1b_hs[csf],,ADNK1,,
gt1b_hs[csf],,r0339,,
M02467[csf],,ACYP,,
12dhchol[csf],,AGDC,,
3dhcdchol[csf],,AMANK,,
3dhchol[csf],,ARGSL,,
7dhcdchol[csf],,CITL,,
7dhchol[csf],,CSND,,
coprost[csf],,G6PDA,,
icdchol[csf],,GALK,,
isochol[csf],,GLUPRT,,
uchol[csf],,GLYK,,
udp[csf],,GLYOX,,
ump[csf],,GND,,
utp[csf],,HISD,,
pelinl_hs[csf],,HXPRT,,
tym[c],,HYXNt,,
tym[e],,IMACTD,,
tym[csf],,IZPN,,
Lkynr[e],,LDH_D,,
Lkynr[csf],,LDH_L,,
5htrp[e],,LGTHL,,
5htrp[csf],,MALT,,
,,MDH,,
,,MI1PP,,
,,MI3PP,,
,,NTD3,,
,,PFK,,
,,PHETA1,,
,,PRFGS,,
,,PYK,,
,,THRD_L,,
,,TMDS,,
,,TYRTA,,
,,XYLt,,
,,r0392,,
,,r0792,,
,,r1667,,
,,PYDXNtr,,
,,UGLT,,
,,URCN,,
,,PYRt2r,,
,,ACGAM2E,,
,,DCMPDA,,
,,FTHFL,,
,,THMt3,,
,,FORTHFC,,
,,GLNt4,,
,,MTRI,,
,,NADN,,
,,MTHFD2,,
,,AHC,,
,,PHPYRte,,
,,PHPYRtm,,
,,CE4970tm,,
,,CE4970te,,
,,CE2026tm,,
,,CE2026te,,
,,CE4968tm,,
,,CE4968te,,
,,TD2GLTRCOAm,,
,,3HGLUTCOAm,,
,,3OHGLUTACm,,
,,3OHGLUTACtm,,
,,3OHGLUTACOAT3t,,
,,CAPROICc,,
,,CE2510ABCt,,
,,CE2537ABCt,,
,,CE7172UPKt,,
,,NRVNCABCt,,
,,PAFABCt,,
,,PAIL_hs_SECt,,
,,PE15_HSABCt,,
,,3AIBt1,,
,,AK2LGCHOLt1,,
,,PE15_HSt1e,,
,,2HYDOGOAT3t,,
,,2HYDOGte,,
,,GLUTAROAT3t,,
,,GLUTARte,,
,,EIC21114TRc,,
,,EIC21114TRte,,
,,CE2209te,,
,,MMAt2e,,
,,2HYOXPLCte,,
,,N8ASPMDte,,
,,C09642te,,
,,PPP9ABCte,,
,,MLTHFte,,
,,CE4890te,,
,,SELMETHte,,
,,MLTHFte3,,
,,CE2705t,,
,,PTRCARGte,,
,,MLTHFte2,,
,,HDD2CRNte2,,
,,ARGN1ASPMDte,,
,,CE1918te,,
,,34DHPHAte,,
,,34DHOXMANDte,,
,,CE6205te,,
,,ANDRSTANDRtr,,
,,C05767te,,
,,C05770te3,,
,,PPBNGte,,
,,GLCNte,,
,,CE0737te,,
,,HDD2CRNte,,
,,IM4ACte,,
,,SPHGNte,,
,,SELMETHt2e,,
,,TYRDOPOX,,
,,DOPACCL,,
,,LACROX,,
,,NADQNOXR,,
,,DACGST,,
,,CE5025t,,
,,CE5629t,,
,,ACER12r,,
,,BGAL1l,,
,,BGAL2l,,
,,GA1tl,,
,,GBA2e,,
,,GM1tl,,
,,HEXA1l,,
,,HEXAHBl,,
,,NEU11l,,
,,NEU310e,,
,,NEU33e,,
,,NEU34e,,
,,NEU36e,,
,,NEU39e,,
,,SMS21e,,
,,SPHMYLNtl2,,
,,UDPGALt2r,,
,,DHCRMter,,
,,GALSIDEter,,
,,Rtotalter,,
,,DM_pcreat[c],,
,,DM_na1[g],,
,,HMR_0155,,
,,HMR_0167,,
,,HMR_0168,,
,,HMR_0268,,
,,HMR_0276,,
,,HMR_0362,,
,,HMR_0410,,
,,HMR_0653,,
,,HMR_0654,,
,,HMR_0657,,
,,HMR_0761,,
,,HMR_0765,,
,,HMR_0770,,
,,HMR_0793,,
,,HMR_0795,,
,,HMR_0815,,
,,HMR_0821,,
,,HMR_0824,,
,,HMR_0827,,
,,HMR_0843,,
,,HMR_0844,,
,,HMR_0848,,
,,HMR_0851,,
,,HMR_0859,,
,,HMR_0860,,
,,HMR_0864,,
,,HMR_0868,,
,,HMR_0873,,
,,HMR_1095,,
,,HMR_1104,,
,,HMR_1280,,
,,HMR_1283,,
,,HMR_1321,,
,,HMR_1329,,
,,HMR_1331,,
,,HMR_1532,,
,,HMR_1623,,
,,HMR_1834,,
,,HMR_2018,,
,,HMR_2368,,
,,HMR_2374,,
,,HMR_2376,,
,,HMR_2581,,
,,HMR_2612,,
,,HMR_2613,,
,,HMR_2666,,
,,HMR_2817,,
,,HMR_2819,,
,,HMR_3106,,
,,HMR_3121,,
,,HMR_3149,,
,,HMR_3398,,
,,HMR_3859,,
,,HMR_3867,,
,,HMR_4124,,
,,HMR_4270,,
,,HMR_4630,,
,,HMR_4696,,
,,HMR_4700,,
,,HMR_4701,,
,,HMR_4756,,
,,HMR_4777,,
,,HMR_5420,,
,,HMR_6385,,
,,HMR_6755,,
,,HMR_6770,,
,,HMR_6782,,
,,HMR_7198,,
,,HMR_7628,,
,,HMR_7703,,
,,HMR_7711,,
,,HMR_7756,,
,,HMR_8475,,
,,HMR_8476,,
,,HMR_8510,,
,,HMR_8585,,
,,HMR_8877,,
,,HMR_8884,,
,,HMR_9187,,
,,HMR_9191,,
,,HMR_9583,,
,,HMR_9584,,
,,HMR_9605,,
,,HMR_9627,,
,,HMR_9639,,
,,HMR_9680,,
,,HMR_9803,,
,,HMR_9804,,
,,HMR_9805,,
,,12DHCHOLabc,,
,,12DHCHOLt,,
,,3DHCAS,,
,,3DHCDCAS,,
,,3DHCDCHOLabc,,
,,3DHCDCHOLt,,
,,3DHCHOLabc,,
,,3DHCHOLt,,
,,3DHDCAS,,
,,7DHCDCHOLabc,,
,,7DHCDCHOLt,,
,,7DHCHOLabc,,
,,7DHCHOLt,,
,,CA24GSc,,
,,CA24GSr,,
,,CA24Gte,,
,,CA24Gtr,,
,,CASULT,,
,,CDCA24GSc,,
,,CDCA24GSr,,
,,CDCA24Gte,,
,,CDCA24Gtr,,
,,CDCA3GSc,,
,,CDCA3GSr,,
,,CDCA3Gte,,
,,CDCA3Gtr,,
,,HC02220t,,
,,CDCA6AH,,
,,COPROSTabc,,
,,COPROSTt,,
,,DCA24GSc,,
,,DCA24GSr,,
,,DCA24Gte,,
,,DCA24Gtr,,
,,DCA3GSc,,
,,DCA3GSr,,
,,DCA3Gte,,
,,DCA3Gtr,,
,,DCASULT,,
,,DM_3dhcdchol[c],,
,,DM_3dhchol[c],,
,,DM_3dhdchol[c],,
,,DM_ca3s[c],,
,,DM_cdca24g[c],,
,,DM_dca3s[c],,
,,DM_gca3s[c],,
,,DM_gcdca3s[c],,
,,DM_gdca3s[c],,
,,DM_gudca3s[c],,
,,DM_tca3s[c],,
,,DM_tcdca3s[c],,
,,DM_tdca3s[c],,
,,DM_thyochol[c],,
,,DM_tudca3s[c],,
,,DM_udca3s[c],,
,,GCASULT,,
,,GCDCASULT,,
,,GDCASULT,,
,,GUDCASULT,,
,,HCA24GSc,,
,,HCA24GSr,,
,,HCA24Gte,,
,,HCA24Gtr,,
,,HCA6GSc,,
,,HCA6GSr,,
,,HCA6Gte,,
,,HCA6Gtr,,
,,HYOCHOLt,,
,,HYOCHOLtr,,
,,ICDCHOLabc,,
,,ICDCHOLt,,
,,ISOCHOLabc,,
,,ISOCHOLt,,
,,TCASULT,,
,,TCDCA6AH,,
,,TCDCASULT,,
,,TDCASULT,,
,,TUDCASULT,,
,,UCHOLabc,,
,,UCHOLt,,
,,UDCASULT,,
,,UDCHOLt,,
,,DM_CE1261[c],,
,,DM_4glu56dihdind[c],,
,,DM_4abut[c],,
,,DM_btn[m],,
,,DCMPtm,,
,,ATPS4m,,
,,CYOR_u10m,,
,,Htm,,
,,NADH2_u10m,,
,,CYOOm3,,
,,sink_Ser_Gly_Ala_X_Gly[r],,
,,sink_Tyr_ggn[c],,
,,sink_crvnc[c],,
,,sink_fad[c],,
,,sink_fe3[c],,
,,sink_pydx[c],,
,,sink_thmpp[c],,
,,Tr_EX_2425dhvitd3[e]_[csf],,
,,Tr_EX_34dhoxpeg[e]_[csf],,
,,Tr_EX_3aib[e]_[csf],,
,,Tr_EX_3mlda[e]_[csf],,
,,Tr_EX_ach[e]_[csf],,
,,Tr_EX_acnacngal14acglcgalgluside_hs[e]_[csf],,
,,Tr_EX_ala_D[e]_[csf],,
,,Tr_EX_arach[e]_[csf],,
,,Tr_EX_arachd[e]_[csf],,
,,Tr_EX_bhb[e]_[csf],,
,,Tr_EX_bildglcur[e]_[csf],,
,,Tr_EX_bilglcur[e]_[csf],,
,,Tr_EX_bilirub[e]_[csf],,
,,Tr_EX_chol[e]_[csf],,
,,Tr_EX_cholate[e]_[csf],,
,,Tr_EX_chsterol[e]_[csf],,
,,Tr_EX_co[e]_[csf],,
,,Tr_EX_creat[e]_[csf],,
,,Tr_EX_crn[e]_[csf],,
,,Tr_EX_cspg_a[e]_[csf],,
,,Tr_EX_cspg_b[e]_[csf],,
,,Tr_EX_cspg_d[e]_[csf],,
,,Tr_EX_cspg_e[e]_[csf],,
,,Tr_EX_dgchol[e]_[csf],,
,,Tr_EX_dopasf[e]_[csf],,
,,Tr_EX_estradiol[e]_[csf],,
,,Tr_EX_estrones[e]_[csf],,
,,Tr_EX_fucacngalacglcgalgluside_hs[e]_[csf],,
,,Tr_EX_fucgalfucgalacglcgalgluside_hs[e]_[csf],,
,,Tr_EX_galgalfucfucgalacglcgalacglcgal14acglcgalgluside_hs[e]_[csf],,
,,Tr_EX_gbside_hs[e]_[csf],,
,,Tr_EX_gchola[e]_[csf],,
,,Tr_EX_gd1c_hs[e]_[csf],,
,,Tr_EX_gq1b_hs[e]_[csf],,
,,Tr_EX_gq1balpha_hs[e]_[csf],,
,,Tr_EX_gthox[e]_[csf],,
,,Tr_EX_h2o2[e]_[csf],,
,,Tr_EX_ha[e]_[csf],,
,,Tr_EX_hco3[e]_[csf],,
,,Tr_EX_hdca[e]_[csf],,
,,Tr_EX_hspg[e]_[csf],,
,,Tr_EX_imp[e]_[csf],,
,,Tr_EX_inost[e]_[csf],,
,,Tr_EX_ksii_core2[e]_[csf],,
,,Tr_EX_lac_D[e]_[csf],,
,,Tr_EX_leuktrB4[e]_[csf],,
,,Tr_EX_leuktrD4[e]_[csf],,
,,Tr_EX_leuktrE4[e]_[csf],,
,,Tr_EX_lneldc[e]_[csf],,
,,Tr_EX_lnlc[e]_[csf],,
,,Tr_EX_lnlnca[e]_[csf],,
,,Tr_EX_lpchol_hs[e]_[csf],,
,,Tr_EX_mag_hs[e]_[csf],,
,,Tr_EX_no[e]_[csf],,
,,Tr_EX_nrpphr[e]_[csf],,
,,Tr_EX_nrvnc[e]_[csf],,
,,Tr_EX_o2s[e]_[csf],,
,,Tr_EX_oagd3_hs[e]_[csf],,
,,Tr_EX_ocdca[e]_[csf],,
,,Tr_EX_ocdcea[e]_[csf],,
,,Tr_EX_pchol_hs[e]_[csf],,
,,Tr_EX_pe_hs[e]_[csf],,
,,Tr_EX_pglyc_hs[e]_[csf],,
,,Tr_EX_prostge2[e]_[csf],,
,,Tr_EX_ps_hs[e]_[csf],,
,,Tr_EX_retinol[e]_[csf],,
,,Tr_EX_Rtotal2[e]_[csf],,
,,Tr_EX_strdnc[e]_[csf],,
,,Tr_EX_tchola[e]_[csf],,
,,Tr_EX_tdchola[e]_[csf],,
,,Tr_EX_thym[e]_[csf],,
,,Tr_EX_tststerone[e]_[csf],,
,,Tr_EX_txa2[e]_[csf],,
,,Tr_EX_urate[e]_[csf],,
,,Tr_EX_xoltri24[e]_[csf],,
,,Tr_EX_xoltri27[e]_[csf],,
,,Tr_EX_xylt[e]_[csf],,
,,Tr_EX_ahdt[e]_[csf],,
,,Tr_EX_HC00250[e]_[csf],,
,,Tr_EX_HC01361[e]_[csf],,
,,Tr_EX_HC01609[e]_[csf],,
,,Tr_EX_HC01610[e]_[csf],,
,,Tr_EX_prostgi2[e]_[csf],,
,,Tr_EX_citr_L[e]_[csf],,
,,Tr_EX_C02528[e]_[csf],,
,,Tr_EX_HC02195[e]_[csf],,
,,Tr_EX_HC02196[e]_[csf],,
,,Tr_EX_HC02220[e]_[csf],,
,,Tr_EX_HC02194[e]_[csf],,
,,Tr_EX_HC02213[e]_[csf],,
,,Tr_EX_CE2839[e]_[csf],,
,,Tr_EX_CE2838[e]_[csf],,
,,Tr_EX_23cump[e]_[csf],,
,,Tr_EX_3ump[e]_[csf],,
,,Tr_EX_CE5786[e]_[csf],,
,,Tr_EX_CE5789[e]_[csf],,
,,Tr_EX_CE0074[e]_[csf],,
,,Tr_EX_doco13ac[e]_[csf],,
,,Tr_EX_leuleu[e]_[csf],,
,,Tr_EX_tdechola[e]_[csf],,
,,Tr_EX_fmn[e]_[csf],,
,,Tr_EX_q10[e]_[csf],,
,,Tr_EX_34hpp[e]_[csf],,
,,Tr_EX_aicar[e]_[csf],,
,,Tr_EX_anth[e]_[csf],,
,,Tr_EX_idour[e]_[csf],,
,,Tr_EX_ethamp[e]_[csf],,
,,Tr_EX_kynate[e]_[csf],,
,,Tr_EX_quln[e]_[csf],,
,,Tr_EX_3hanthrn[e]_[csf],,
,,Tr_EX_udpglcur[e]_[csf],,
,,Tr_EX_hLkynr[e]_[csf],,
,,Tr_EX_orot5p[e]_[csf],,
,,Tr_EX_acrn[e]_[csf],,
,,Tr_EX_pcrn[e]_[csf],,
,,Tr_EX_stcrn[e]_[csf],,
,,Tr_EX_12HPET[e]_[csf],,
,,Tr_EX_2oxoadp[e]_[csf],,
,,Tr_EX_4aabutn[e]_[csf],,
,,Tr_EX_5HPET[e]_[csf],,
,,Tr_EX_7dhchsterol[e]_[csf],,
,,Tr_EX_C02712[e]_[csf],,
,,Tr_EX_C06314[e]_[csf],,
,,Tr_EX_C14771[e]_[csf],,
,,Tr_EX_CE4843[e]_[csf],,
,,Tr_EX_CE7172[e]_[csf],,
,,Tr_EX_elaidcrn[e]_[csf],,
,,Tr_EX_hxcoa[e]_[csf],,
,,Tr_EX_mev_R[e]_[csf],,
,,Tr_EX_nwharg[e]_[csf],,
,,Tr_EX_ttdcrn[e]_[csf],,
,,Tr_EX_estriol[e]_[csf],,
,,Tr_EX_5aop[e]_[csf],,
,,Tr_EX_CE2510[e]_[csf],,
,,Tr_EX_Lcyst[e]_[csf],,
,,Tr_EX_pac[e]_[csf],,
,,Tr_EX_mepi[e]_[csf],,
,,Tr_EX_retinal[e]_[csf],,
,,Tr_EX_maltttr[e]_[csf],,
,,Tr_EX_progly[e]_[csf],,
,,Tr_EX_thbpt[e]_[csf],,
,,Tr_EX_homoval[e]_[csf],,
,,Tr_EX_f1a[e]_[csf],,
,,Tr_EX_HC00342[e]_[csf],,
,,Tr_EX_dxtrn[e]_[csf],,
,,Tr_EX_glcn[e]_[csf],,
,,Tr_EX_acac[e]_[csf],,
,,Tr_EX_adn[e]_[csf],,
,,Tr_EX_akg[e]_[csf],,
,,Tr_EX_asn_L[e]_[csf],,
,,Tr_EX_asp_L[e]_[csf],,
,,Tr_EX_but[e]_[csf],,
,,Tr_EX_cgly[e]_[csf],,
,,Tr_EX_co2[e]_[csf],,
,,Tr_EX_dcyt[e]_[csf],,
,,Tr_EX_fe2[e]_[csf],,
,,Tr_EX_gal[e]_[csf],,
,,Tr_EX_glu_L[e]_[csf],,
,,Tr_EX_h[e]_[csf],,
,,Tr_EX_ile_L[e]_[csf],,
,,Tr_EX_ins[e]_[csf],,
,,Tr_EX_lac_L[e]_[csf],,
,,Tr_EX_lys_L[e]_[csf],,
,,Tr_EX_met_L[e]_[csf],,
,,Tr_EX_na1[e]_[csf],,
,,Tr_EX_o2[e]_[csf],,
,,Tr_EX_pro_L[e]_[csf],,
,,Tr_EX_ser_L[e]_[csf],,
,,Tr_EX_so4[e]_[csf],,
,,Tr_EX_thymd[e]_[csf],,
,,Tr_EX_val_L[e]_[csf],,
,,Tr_EX_pnto_R[e]_[csf],,
,,Tr_EX_ala_L[e]_[csf],,
,,Tr_EX_his_L[e]_[csf],,
,,Tr_EX_thr_L[e]_[csf],,
,,Tr_EX_gln_L[e]_[csf],,
,,Tr_EX_phe_L[e]_[csf],,
,,Tr_EX_tyr_L[e]_[csf],,
,,Tr_EX_arg_L[e]_[csf],,
,,Tr_EX_for[e]_[csf],,
,,Tr_EX_cit[e]_[csf],,
,,Tr_EX_csn[e]_[csf],,
,,Tr_EX_fol[e]_[csf],,
,,Tr_EX_fru[e]_[csf],,
,,Tr_EX_glcur[e]_[csf],,
,,Tr_EX_glyc[e]_[csf],,
,,Tr_EX_hxan[e]_[csf],,
,,Tr_EX_malt[e]_[csf],,
,,Tr_EX_man[e]_[csf],,
,,Tr_EX_rib_D[e]_[csf],,
,,Tr_EX_thm[e]_[csf],,
,,Tr_EX_trp_L[e]_[csf],,
,,Tr_EX_ura[e]_[csf],,
,,Tr_EX_xyl_D[e]_[csf],,
,,Tr_EX_pydxn[e]_[csf],,
,,Tr_EX_34dhpha[e]_[csf],,
,,Tr_EX_gam[e]_[csf],,
,,Tr_EX_tre[e]_[csf],,
,,Tr_EX_btn[e]_[csf],,
,,Tr_EX_ade[e]_[csf],,
,,Tr_EX_pheme[e]_[csf],,
,,Tr_EX_gua[e]_[csf],,
,,Tr_EX_taur[e]_[csf],,
,,Tr_EX_phpyr[e]_[csf],,
,,Tr_EX_2hyoxplac[e]_[csf],,
,,Tr_EX_CE4970[e]_[csf],,
,,Tr_EX_CE2026[e]_[csf],,
,,Tr_EX_CE4968[e]_[csf],,
,,Tr_EX_3ohglutac[e]_[csf],,
,,Tr_EX_eic21114tr[e]_[csf],,
,,Tr_EX_CE2209[e]_[csf],,
,,Tr_EX_34dhoxmand[e]_[csf],,
,,Tr_EX_n8aspmd[e]_[csf],,
,,Tr_EX_CE6205[e]_[csf],,
,,Tr_EX_CE4890[e]_[csf],,
,,Tr_EX_C09642[e]_[csf],,
,,Tr_EX_C05767[e]_[csf],,
,,Tr_EX_C05770[e]_[csf],,
,,Tr_EX_ppbng[e]_[csf],,
,,Tr_EX_mma[e]_[csf],,
,,Tr_EX_CE0737[e]_[csf],,
,,Tr_EX_im4ac[e]_[csf],,
,,Tr_EX_CE1918[e]_[csf],,
,,Tr_EX_mlthf[e]_[csf],,
,,Tr_EX_ppp9[e]_[csf],,
,,Tr_EX_CE2705[e]_[csf],,
,,Tr_EX_sphgn[e]_[csf],,
,,Tr_EX_N1aspmd[e]_[csf],,
,,Tr_EX_CE5025[e]_[csf],,
,,Tr_EX_CE5629[e]_[csf],,
,,Tr_EX_pail_hs[e]_[csf],,
,,Tr_EX_CE1243[e]_[csf],,
,,Tr_EX_ga1_hs[e]_[csf],,
,,Tr_EX_gm1_hs[e]_[csf],,
,,Tr_EX_glc_D[e]_[csf],,
,,Tr_EX_ca24g[e]_[csf],,
,,Tr_EX_cdca24g[e]_[csf],,
,,Tr_EX_cdca3g[e]_[csf],,
,,Tr_EX_dca24g[e]_[csf],,
,,Tr_EX_dca3g[e]_[csf],,
,,Tr_EX_hca24g[e]_[csf],,
,,Tr_EX_hca6g[e]_[csf],,
,,Tr_EX_hyochol[e]_[csf],,
,,Tr_EX_caproic[e]_[csf],,
,,Tr_EX_M01966[e]_[csf],,
,,2HBO,,
,,5AOPtm,,
,,A_MANASEly,,
,,ACGALK2,,
,,ACRNtm,,
,,ADK3,,
,,ADRNLPVESSEC,,
,,AHEXASEly,,
,,AKGtp,,
,,ALCD22_D,,
,,ANDRSTRNte,,
,,APOCF,,
,,APOC_LYS_BTNP,,
,,ASPDxt,,
,,B_MANNASEly,,
,,BACCL,,
,,BBHOX,,
,,BCDO,,
,,BTND1,,
,,BTNPL,,
,,BZt,,
,,BZtr,,
,,C3STKR2r,,
,,C4STMO2Pr,,
,,CAROtr,,
,,COKECBESr,,
,,CRNtim,,
,,CYSGLTH,,
,,DADNK,,
,,DASPO1p,,
,,DHEAtr,,
,,DM_ethamp_r_,,
,,DTDPtn,,
,,DTTPtn,,
,,ENGASEly,,
,,FACOAL191,,
,,FACOAL206,,
,,FACOAL80i,,
,,FATP7t,,
,,FCOAH,,
,,FE2tm,,
,,FORMCOAtx,,
,,GALASE1ly,,
,,GFUCS,,
,,GHMT3,,
,,GLCter,,
,,HDCAtr,,
,,HEX10,,
,,HSD17B2r,,
,,HSD17B9r,,
,,HSD3B12r,,
,,HSD3B2r,,
,,Kt3g,,
,,LEUKTRA4t,,
,,LGNCCOAtx,,
,,MALTe,,
,,MALtm,,
,,MANtly,,
,,MAOX,,
,,MMSAD1m,,
,,NDP7ex,,
,,NDP8ex,,
,,NDPK4n,,
,,NTD2e,,
,,OCTAt,,
,,P45019A1r,,
,,PHYHx,,
,,PHYTt,,
,,PPAtm,,
,,PRISTCOAtx,,
,,PRISTtx,,
,,PROSTGE2t2,,
,,PYAM5POr,,
,,RADH2,,
,,RETFA,,
,,RETFAt,,
,,RETHe,,
,,RIBt2,,
,,SBTR,,
,,SIAASEly,,
,,SLCBK1,,
,,SPH1Pte,,
,,SR5AR2r,,
,,STS1,,
,,SUCCt2m,,
,,SUCCtp,,
,,TMABADH,,
,,TMLYSOX,,
,,TRIODTHYt2,,
,,r0205,,
,,r0224,,
,,r0242,,
,,r0301,,
,,r0541,,
,,r0655,,
,,r0892,,
,,r1030,,
,,r1436,,
,,r2199,,
,,r2261,,
,,r2433,,
,,r2521,,
,,RE1845C,,
,,RE2030M,,
,,RE2273E,,
,,RE2349C,,
,,RE2563C,,
,,RE2636R,,
,,RE2649C,,
,,RE3009C,,
,,RE3490C,,
,,FAOXC15NADPx,,
,,LGNCCOAtcx,,
,,OCT11EFATP,,
,,SCP21cx,,
,,LEULEUPEPT1tc,,
,,DM_taur[c],,
,,BALAPAT1tc2,,
,,CHOLPtr,,
,,DCMPtr,,
,,DHAPtr,,
,,ICITtr,,
,,XANtr,,
,,SMS14,,
,,AMETt,,
,,C02712tm,,
,,C03990tr,,
,,CE0955te,,
,,HC02149td,,
,,TMLYStd,,
,,PROGLyt,,
,,LHCYSTIN,,
,,LHCYSTINt,,
,,ADRNLtu,,
,,UGT1A10c,,
,,S2L2N2M2Mt,,
,,AMPTASECG,,
,,CYSTGL,,
,,CYSTS,,
,,DGK1,,
,,NDPK4,,
,,PUNP2,,
,,r0220,,
,,r0318,,
,,ALDD2x,,
,,PYDAMK,,
,,PYDAMtr,,
,,3AIBSYMPt,,
,,CE7082UPKt,,
,,PELINL_HSABCt,,
,,PELINL_HSt1e,,
,,SPHMYLN_HsATPte,,
,,SPHMYLN1824_hs_ATPt,,
,,CE4890te2,,
,,EGMEtr,,
,,EGMEte,,
,,12PPDRte,,
,,XYLULte,,
,,XYLUDte,,
,,SPHGNSte,,
,,C13856te,,
,,PRISTte,,
,,COKEte,,
,,COKEtr,,
,,CRMte,,
,,SPHK21n,,
,,SPHINGStn,,
,,DM_sphs1p[n],,
,,S2L2N2M2Mtl,,
,,DM_k[g],,
,,HMR_0478,,
,,HMR_1311,,
,,HMR_1318,,
,,HMR_2711,,
,,HMR_2712,,
,,HMR_2713,,
,,HMR_3426,,
,,HMR_9634,,
,,HMR_9797,,
,,3DHLCAS,,
,,DM_3dhlchol[c],,
,,DM_lca24g[c],,
,,DM_lca3s[c],,
,,LCA24GSc,,
,,LCA24GSr,,
,,LCA24Gte,,
,,LCA24Gtr,,
,,LCA3GSc,,
,,LCA3GSr,,
,,LCA3Gte,,
,,LCA3Gtr,,
,,LCASULT,,
,,CYOOm2,,
,,sink_c226coa[c],,
,,sink_chol[c],,
,,sink_doco13ecoa[c],,
,,sink_lnlccoa[c],,
,,sink_lnlncacoa[c],,
,,sink_lnlncgcoa[c],,
,,sink_odecoa[c],,
,,sink_pmtcoa[c],,
,,sink_stcoa[c],,
,,sink_thf[c],,
,,sink_tmndnccoa[c],,
,,Tr_EX_2hb[e]_[csf],,
,,Tr_EX_5mthf[e]_[csf],,
,,Tr_EX_adrnl[e]_[csf],,
,,Tr_EX_andrstrn[e]_[csf],,
,,Tr_EX_asp_D[e]_[csf],,
,,Tr_EX_caro[e]_[csf],,
,,Tr_EX_crvnc[e]_[csf],,
,,Tr_EX_dheas[e]_[csf],,
,,Tr_EX_dopa[e]_[csf],,
,,Tr_EX_gthrd[e]_[csf],,
,,Tr_EX_leuktrA4[e]_[csf],,
,,Tr_EX_octa[e]_[csf],,
,,Tr_EX_phyt[e]_[csf],,
,,Tr_EX_retfa[e]_[csf],,
,,Tr_EX_retn[e]_[csf],,
,,Tr_EX_sph1p[e]_[csf],,
,,Tr_EX_srtn[e]_[csf],,
,,Tr_EX_vacc[e]_[csf],,
,,Tr_EX_dha[e]_[csf],,
,,Tr_EX_dhap[e]_[csf],,
,,Tr_EX_C02470[e]_[csf],,
,,Tr_EX_HC02191[e]_[csf],,
,,Tr_EX_HC02203[e]_[csf],,
,,Tr_EX_CE5797[e]_[csf],,
,,Tr_EX_CE5798[e]_[csf],,
,,Tr_EX_crm_hs[e]_[csf],,
,,Tr_EX_cala[e]_[csf],,
,,Tr_EX_cholp[e]_[csf],,
,,Tr_EX_dcmp[e]_[csf],,
,,Tr_EX_icit[e]_[csf],,
,,Tr_EX_amet[e]_[csf],,
,,Tr_EX_CE0955[e]_[csf],,
,,Tr_EX_CE7082[e]_[csf],,
,,Tr_EX_sphmyln1824_hs[e]_[csf],,
,,Tr_EX_tmlys[e]_[csf],,
,,Tr_EX_bz[e]_[csf],,
,,Tr_EX_Lhcystin[e]_[csf],,
,,Tr_EX_s2l2n2m2m[e]_[csf],,
,,Tr_EX_acnam[e]_[csf],,
,,Tr_EX_cytd[e]_[csf],,
,,Tr_EX_dad_2[e]_[csf],,
,,Tr_EX_dgsn[e]_[csf],,
,,Tr_EX_h2o[e]_[csf],,
,,Tr_EX_k[e]_[csf],,
,,Tr_EX_leu_L[e]_[csf],,
,,Tr_EX_orn[e]_[csf],,
,,Tr_EX_pi[e]_[csf],,
,,Tr_EX_ribflv[e]_[csf],,
,,Tr_EX_cys_L[e]_[csf],,
,,Tr_EX_xan[e]_[csf],,
,,Tr_EX_pydam[e]_[csf],,
,,Tr_EX_ppa[e]_[csf],,
,,Tr_EX_egme[e]_[csf],,
,,Tr_EX_12ppd_R[e]_[csf],,
,,Tr_EX_xylu_L[e]_[csf],,
,,Tr_EX_xylu_D[e]_[csf],,
,,Tr_EX_sphings[e]_[csf],,
,,Tr_EX_prist[e]_[csf],,
,,Tr_EX_coke[e]_[csf],,
,,Tr_EX_lca24g[e]_[csf],,
,,Tr_EX_lca3g[e]_[csf],,
,,Tr_EX_C13856[e]_[csf],,
,,HDCA6gte,,
,,HDCA24gte,,
,,XOL24OH24Gte,,
,,XOLTRI25te,,
,,XOL24OHte,,
,,XOL25OHte,,
,,M01179te,,
,,M00979te,,
,,CE2345te,,
,,CE1292te,,
,,XOL27OHter,,
,,HC02194ter,,
,,HC02195ter,,
,,HC02196ter,,
,,C02528ter,,
,,CHOLATEter,,
,,HDCA6GSc,,
,,HDCA6GSr,,
,,HDCA6gtr,,
,,HDCA24GSc,,
,,HDCA24GSr,,
,,HDCA24gtr,,
,,M02155tr,,
,,XOL24OH24GSc,,
,,XOL24OH24GSr,,
,,XOL24OH24Gtr,,
,,HMR_1838,,
,,HMR_1737,,
,,P45027A1m,,
,,RE1828C,,
,,RE1828M,,
,,RE1803C,,
,,P4507B11r,,
,,HMR_1778,,
,,HMR_1766,,
,,RE2632C,,
,,RE2632M,,
,,RE1829C,,
,,RE1829M,,
,,RE1827C,,
,,RE1827M,,
,,RE1830C,,
,,RE1830M,,
,,XOLTRI25tc,,
,,XOL24OHtr,,
,,XOL25OHtr,,
,,XOL27OHtmc,,
,,XOL27OHtm,,
,,M01179tc,,
,,M00979tc,,
,,CE2345tmc,,
,,CE3038tmc,,
,,CE1292tmc,,
,,CE1298tmc,,
,,DM_cdca3g[c],,
,,DM_lca3g[c],,
,,DM_hdca6g[c],,
,,DM_hdca24g[c],,
,,DM_dca3g[c],,
,,DM_dca24g[c],,
,,DM_hca6g[c],,
,,DM_hca24g[c],,
,,DM_xol24oh24g[c],,
,,Tr_EX_hdca6g[e]_[csf],,
,,Tr_EX_hdca24g[e]_[csf],,
,,Tr_EX_xol24oh24g[e]_[csf],,
,,Tr_EX_xoltri25[e]_[csf],,
,,Tr_EX_xol24oh[e]_[csf],,
,,Tr_EX_xol25oh[e]_[csf],,
,,Tr_EX_M01179[e]_[csf],,
,,Tr_EX_M00979[e]_[csf],,
,,Tr_EX_CE2345[e]_[csf],,
,,Tr_EX_CE1292[e]_[csf],,
,,Tr_EX_xol27oh[e]_[csf],,
,,HMR_1798,,
,,Tr_EX_34dhphe[e]_[csf],,
,,Tr_EX_4abut[e]_[csf],,
,,Tr_EX_acetone[e]_[csf],,
,,Tr_EX_ac[e]_[csf],,
,,Tr_EX_gly[e]_[csf],,
,,Tr_EX_ascb_L[e]_[csf],,
,,Tr_EX_amp[e]_[csf],,
,,Tr_EX_ala_B[e]_[csf],,
,,Tr_EX_ca2[e]_[csf],,
,,Tr_EX_cl[e]_[csf],,
,,Tr_EX_oxa[e]_[csf],,
,,Tr_EX_din[e]_[csf],,
,,Tr_EX_dag_hs[e]_[csf],,
,,Tr_EX_dhdascb[e]_[csf],,
,,Tr_EX_duri[e]_[csf],,
,,Tr_EX_estradiolglc[e]_[csf],,
,,Tr_EX_ak2lgchol_hs[e]_[csf],,
,,Tr_EX_avite1[e]_[csf],,
,,Tr_EX_gsn[e]_[csf],,
,,Tr_EX_ha_pre1[e]_[csf],,
,,Tr_EX_hista[e]_[csf],,
,,Tr_EX_hom_L[e]_[csf],,
,,Tr_EX_lgnc[e]_[csf],,
,,Tr_EX_paf_hs[e]_[csf],,
,,Tr_EX_Rtotal[e]_[csf],,
,,Tr_EX_ser_D[e]_[csf],,
,,Tr_EX_thyox_L[e]_[csf],,
,,Tr_EX_triodthy[e]_[csf],,
,,Tr_EX_xolest2_hs[e]_[csf],,
,,Tr_EX_fe3[e]_[csf],,
,,Tr_EX_lcts[e]_[csf],,
,,Tr_EX_uri[e]_[csf],,
,,Tr_EX_urea[e]_[csf],,
,,Tr_EX_cpppg1[e]_[csf],,
,,Tr_EX_ptrc[e]_[csf],,
,,Tr_EX_HC02192[e]_[csf],,
,,Tr_EX_HC02193[e]_[csf],,
,,Tr_EX_HC02199[e]_[csf],,
,,Tr_EX_HC02200[e]_[csf],,
,,Tr_EX_HC02201[e]_[csf],,
,,Tr_EX_zn2[e]_[csf],,
,,Tr_EX_pyr[e]_[csf],,
,,Tr_EX_HC02197[e]_[csf],,
,,Tr_EX_HC02198[e]_[csf],,
,,Tr_EX_HC02187[e]_[csf],,
,,Tr_EX_4hpro_LT[e]_[csf],,
,,Tr_EX_oh1[e]_[csf],,
,,Tr_EX_lneldccrn[e]_[csf],,
,,Tr_EX_odecrn[e]_[csf],,
,,Tr_EX_pmtcrn[e]_[csf],,
,,Tr_EX_hdcecrn[e]_[csf],,
,,Tr_EX_pe15_hs[e]_[csf],,
,,Tr_EX_CE2537[e]_[csf],,
,,Tr_EX_eidi1114ac[e]_[csf],,
,,Tr_EX_sphmyln_hs[e]_[csf],,
,,Tr_EX_glutar[e]_[csf],,
,,Tr_EX_2hydog[e]_[csf],,
,,Tr_EX_selmeth[e]_[csf],,
,,Tr_EX_hdd2crn[e]_[csf],,
,,Tr_EX_gluside_hs[e]_[csf],,
,,Tr_EX_gm1b_hs[e]_[csf],,
,,Tr_EX_gd1b_hs[e]_[csf],,
,,Tr_EX_gt1b_hs[e]_[csf],,
,,Tr_EX_M02467[e]_[csf],,
,,Tr_EX_12dhchol[e]_[csf],,
,,Tr_EX_3dhcdchol[e]_[csf],,
,,Tr_EX_3dhchol[e]_[csf],,
,,Tr_EX_7dhcdchol[e]_[csf],,
,,Tr_EX_7dhchol[e]_[csf],,
,,Tr_EX_coprost[e]_[csf],,
,,Tr_EX_icdchol[e]_[csf],,
,,Tr_EX_isochol[e]_[csf],,
,,Tr_EX_uchol[e]_[csf],,
,,Tr_EX_udp[e]_[csf],,
,,Tr_EX_ump[e]_[csf],,
,,Tr_EX_utp[e]_[csf],,
,,Tr_EX_pelinl_hs[e]_[csf],,
,,DM_4abut[c],,
,,DM_dopa[c],,
,,DM_srtn[c],,
,,DM_adrnl[c],,
,,DM_ach[c],,
,,DM_hista[c],,
,,DM_kynate[c],,
,,DM_nrpphr[c],,
,,DM_tym[c],,
,,Tr_EX_tym[e]_[csf],,
,,DM_Lkynr[c],,
,,Tr_EX_Lkynr[e]_[csf],,
,,DOPAc,,
,,5HTRPVESSEC,,
,,Tr_EX_5htrp[e]_[csf],,
,,ACHVESSEC,,
,,GLYVESSEC,,
,,NRPPHRVESSEC,,
,,TYMte,,
,,FOLR2,,
,,LIPID_DEGRx,,
,,PROTEOME_DEGRx,,
,,TRANSCRIPTOME_DEGRx,,
,,CYStec,,
,,r2532,,
,,ILEtec,,
,,METtec,,
,,PHEtec,,
,,VALtec,,
,,r2525,,
,,r2526,,
,,r2534,,
,,r2535,,
,,LKYNRtr,,
,,TYRt,,
,,GLYt2r,,
,,HIStiDF,,
,,r1144,,
,,EX_2425dhvitd3[csf],,
,,EX_34dhoxpeg[csf],,
,,EX_3aib[csf],,
,,EX_3mlda[csf],,
,,EX_ach[csf],,
,,EX_acnacngal14acglcgalgluside_hs[csf],,
,,EX_ala_D[csf],,
,,EX_arach[csf],,
,,EX_arachd[csf],,
,,EX_bhb[csf],,
,,EX_bildglcur[csf],,
,,EX_bilglcur[csf],,
,,EX_bilirub[csf],,
,,EX_chol[csf],,
,,EX_cholate[csf],,
,,EX_chsterol[csf],,
,,EX_co[csf],,
,,EX_creat[csf],,
,,EX_crn[csf],,
,,EX_cspg_a[csf],,
,,EX_cspg_b[csf],,
,,EX_cspg_d[csf],,
,,EX_cspg_e[csf],,
,,EX_dgchol[csf],,
,,EX_dopasf[csf],,
,,EX_estradiol[csf],,
,,EX_estrones[csf],,
,,EX_fucacngalacglcgalgluside_hs[csf],,
,,EX_fucgalfucgalacglcgalgluside_hs[csf],,
,,EX_galgalfucfucgalacglcgalacglcgal14acglcgalgluside_hs[csf],,
,,EX_gbside_hs[csf],,
,,EX_gchola[csf],,
,,EX_gd1c_hs[csf],,
,,EX_gq1b_hs[csf],,
,,EX_gq1balpha_hs[csf],,
,,EX_gthox[csf],,
,,EX_h2o2[csf],,
,,EX_ha[csf],,
,,EX_hco3[csf],,
,,EX_hdca[csf],,
,,EX_hspg[csf],,
,,EX_imp[csf],,
,,EX_inost[csf],,
,,EX_ksii_core2[csf],,
,,EX_lac_D[csf],,
,,EX_leuktrB4[csf],,
,,EX_leuktrD4[csf],,
,,EX_leuktrE4[csf],,
,,EX_lneldc[csf],,
,,EX_lnlc[csf],,
,,EX_lnlnca[csf],,
,,EX_lpchol_hs[csf],,
,,EX_mag_hs[csf],,
,,EX_no[csf],,
,,EX_nrpphr[csf],,
,,EX_nrvnc[csf],,
,,EX_o2s[csf],,
,,EX_oagd3_hs[csf],,
,,EX_ocdca[csf],,
,,EX_ocdcea[csf],,
,,EX_pchol_hs[csf],,
,,EX_pe_hs[csf],,
,,EX_pglyc_hs[csf],,
,,EX_prostge2[csf],,
,,EX_ps_hs[csf],,
,,EX_retinol[csf],,
,,EX_Rtotal2[csf],,
,,EX_strdnc[csf],,
,,EX_tchola[csf],,
,,EX_tdchola[csf],,
,,EX_thym[csf],,
,,EX_tststerone[csf],,
,,EX_txa2[csf],,
,,EX_urate[csf],,
,,EX_xoltri24[csf],,
,,EX_xoltri27[csf],,
,,EX_xylt[csf],,
,,EX_ahdt[csf],,
,,EX_HC00250[csf],,
,,EX_HC01361[csf],,
,,EX_HC01609[csf],,
,,EX_cpppg1[csf],,
,,EX_prostgi2[csf],,
,,EX_citr_L[csf],,
,,EX_C02528[csf],,
,,EX_HC02195[csf],,
,,EX_HC02196[csf],,
,,EX_HC02220[csf],,
,,EX_HC02194[csf],,
,,EX_HC02213[csf],,
,,EX_CE2839[csf],,
,,EX_CE2838[csf],,
,,EX_23cump[csf],,
,,EX_3ump[csf],,
,,EX_CE5786[csf],,
,,EX_CE5789[csf],,
,,EX_CE0074[csf],,
,,EX_doco13ac[csf],,
,,EX_leuleu[csf],,
,,EX_tdechola[csf],,
,,EX_fmn[csf],,
,,EX_q10[csf],,
,,EX_34hpp[csf],,
,,EX_aicar[csf],,
,,EX_anth[csf],,
,,EX_idour[csf],,
,,EX_ethamp[csf],,
,,EX_kynate[csf],,
,,EX_quln[csf],,
,,EX_3hanthrn[csf],,
,,EX_udpglcur[csf],,
,,EX_hLkynr[csf],,
,,EX_orot5p[csf],,
,,EX_acrn[csf],,
,,EX_pcrn[csf],,
,,EX_stcrn[csf],,
,,EX_12HPET[csf],,
,,EX_2oxoadp[csf],,
,,EX_4aabutn[csf],,
,,EX_5HPET[csf],,
,,EX_7dhchsterol[csf],,
,,EX_C02712[csf],,
,,EX_C06314[csf],,
,,EX_C14771[csf],,
,,EX_eidi1114ac[csf],,
,,EX_CE7172[csf],,
,,EX_elaidcrn[csf],,
,,EX_hxcoa[csf],,
,,EX_mev_R[csf],,
,,EX_nwharg[csf],,
,,EX_ttdcrn[csf],,
,,EX_estriol[csf],,
,,EX_5aop[csf],,
,,EX_CE2510[csf],,
,,EX_Lcyst[csf],,
,,EX_pac[csf],,
,,EX_mepi[csf],,
,,EX_retinal[csf],,
,,EX_maltttr[csf],,
,,EX_progly[csf],,
,,EX_thbpt[csf],,
,,EX_homoval[csf],,
,,EX_f1a[csf],,
,,EX_HC00342[csf],,
,,EX_dxtrn[csf],,
,,EX_glcn[csf],,
,,EX_acac[csf],,
,,EX_adn[csf],,
,,EX_akg[csf],,
,,EX_asn_L[csf],,
,,EX_asp_L[csf],,
,,EX_but[csf],,
,,EX_cgly[csf],,
,,EX_co2[csf],,
,,EX_dcyt[csf],,
,,EX_fe2[csf],,
,,EX_gal[csf],,
,,EX_glu_L[csf],,
,,EX_h[csf],,
,,EX_ile_L[csf],,
,,EX_ins[csf],,
,,EX_lac_L[csf],,
,,EX_lys_L[csf],,
,,EX_met_L[csf],,
,,EX_na1[csf],,
,,EX_o2[csf],,
,,EX_pro_L[csf],,
,,EX_ser_L[csf],,
,,EX_so4[csf],,
,,EX_thymd[csf],,
,,EX_val_L[csf],,
,,EX_pnto_R[csf],,
,,EX_ala_L[csf],,
,,EX_his_L[csf],,
,,EX_thr_L[csf],,
,,EX_gln_L[csf],,
,,EX_phe_L[csf],,
,,EX_tyr_L[csf],,
,,EX_arg_L[csf],,
,,EX_for[csf],,
,,EX_cit[csf],,
,,EX_csn[csf],,
,,EX_fol[csf],,
,,EX_fru[csf],,
,,EX_glcur[csf],,
,,EX_glyc[csf],,
,,EX_hxan[csf],,
,,EX_malt[csf],,
,,EX_man[csf],,
,,EX_rib_D[csf],,
,,EX_thm[csf],,
,,EX_trp_L[csf],,
,,EX_ura[csf],,
,,EX_xyl_D[csf],,
,,EX_pydxn[csf],,
,,EX_34dhpha[csf],,
,,EX_gam[csf],,
,,EX_tre[csf],,
,,EX_btn[csf],,
,,EX_ade[csf],,
,,EX_pheme[csf],,
,,EX_gua[csf],,
,,EX_taur[csf],,
,,EX_phpyr[csf],,
,,EX_2hyoxplac[csf],,
,,EX_CE4970[csf],,
,,EX_CE2026[csf],,
,,EX_CE4968[csf],,
,,EX_3ohglutac[csf],,
,,EX_eic21114tr[csf],,
,,EX_CE2209[csf],,
,,EX_34dhoxmand[csf],,
,,EX_n8aspmd[csf],,
,,EX_CE6205[csf],,
,,EX_CE4890[csf],,
,,EX_C09642[csf],,
,,EX_C05767[csf],,
,,EX_C05770[csf],,
,,EX_ppbng[csf],,
,,EX_mma[csf],,
,,EX_CE0737[csf],,
,,EX_im4ac[csf],,
,,EX_CE1918[csf],,
,,EX_mlthf[csf],,
,,EX_ppp9[csf],,
,,EX_CE2705[csf],,
,,EX_sphgn[csf],,
,,EX_N1aspmd[csf],,
,,EX_CE5025[csf],,
,,EX_CE5629[csf],,
,,EX_pail_hs[csf],,
,,EX_CE1243[csf],,
,,EX_ga1_hs[csf],,
,,EX_gm1_hs[csf],,
,,EX_glc_D[csf],,
,,EX_ca24g[csf],,
,,EX_cdca24g[csf],,
,,EX_cdca3g[csf],,
,,EX_dca24g[csf],,
,,EX_dca3g[csf],,
,,EX_hca24g[csf],,
,,EX_hca6g[csf],,
,,EX_hyochol[csf],,
,,EX_caproic[csf],,
,,EX_M01966[csf],,
,,EX_2hb[csf],,
,,EX_5mthf[csf],,
,,EX_adrnl[csf],,
,,EX_andrstrn[csf],,
,,EX_asp_D[csf],,
,,EX_caro[csf],,
,,EX_crvnc[csf],,
,,EX_dheas[csf],,
,,EX_dopa[csf],,
,,EX_gthrd[csf],,
,,EX_leuktrA4[csf],,
,,EX_octa[csf],,
,,EX_phyt[csf],,
,,EX_retfa[csf],,
,,EX_retn[csf],,
,,EX_sph1p[csf],,
,,EX_srtn[csf],,
,,EX_vacc[csf],,
,,EX_dha[csf],,
,,EX_dhap[csf],,
,,EX_C02470[csf],,
,,EX_HC02191[csf],,
,,EX_HC02203[csf],,
,,EX_CE5797[csf],,
,,EX_CE5798[csf],,
,,EX_crm_hs[csf],,
,,EX_cala[csf],,
,,EX_cholp[csf],,
,,EX_dcmp[csf],,
,,EX_icit[csf],,
,,EX_amet[csf],,
,,EX_CE0955[csf],,
,,EX_CE7082[csf],,
,,EX_sphmyln1824_hs[csf],,
,,EX_tmlys[csf],,
,,EX_bz[csf],,
,,EX_Lhcystin[csf],,
,,EX_s2l2n2m2m[csf],,
,,EX_acnam[csf],,
,,EX_cytd[csf],,
,,EX_dad_2[csf],,
,,EX_dgsn[csf],,
,,EX_h2o[csf],,
,,EX_k[csf],,
,,EX_leu_L[csf],,
,,EX_orn[csf],,
,,EX_pi[csf],,
,,EX_ribflv[csf],,
,,EX_cys_L[csf],,
,,EX_xan[csf],,
,,EX_pydam[csf],,
,,EX_ppa[csf],,
,,EX_egme[csf],,
,,EX_12ppd_R[csf],,
,,EX_xylu_L[csf],,
,,EX_xylu_D[csf],,
,,EX_sphings[csf],,
,,EX_prist[csf],,
,,EX_coke[csf],,
,,EX_lca24g[csf],,
,,EX_lca3g[csf],,
,,EX_C13856[csf],,
,,EX_hdca6g[csf],,
,,EX_hdca24g[csf],,
,,EX_xol24oh24g[csf],,
,,EX_xoltri25[csf],,
,,EX_xol24oh[csf],,
,,EX_xol25oh[csf],,
,,EX_M01179[csf],,
,,EX_M00979[csf],,
,,EX_CE2345[csf],,
,,EX_CE1292[csf],,
,,EX_xol27oh[csf],,
,,EX_34dhphe[csf],,
,,EX_4abut[csf],,
,,EX_acetone[csf],,
,,EX_ac[csf],,
,,EX_gly[csf],,
,,EX_ascb_L[csf],,
,,EX_amp[csf],,
,,EX_ala_B[csf],,
,,EX_ca2[csf],,
,,EX_cl[csf],,
,,EX_oxa[csf],,
,,EX_din[csf],,
,,EX_dag_hs[csf],,
,,EX_dhdascb[csf],,
,,EX_duri[csf],,
,,EX_estradiolglc[csf],,
,,EX_ak2lgchol_hs[csf],,
,,EX_avite1[csf],,
,,EX_gsn[csf],,
,,EX_ha_pre1[csf],,
,,EX_hista[csf],,
,,EX_hom_L[csf],,
,,EX_lgnc[csf],,
,,EX_paf_hs[csf],,
,,EX_Rtotal[csf],,
,,EX_ser_D[csf],,
,,EX_thyox_L[csf],,
,,EX_triodthy[csf],,
,,EX_xolest2_hs[csf],,
,,EX_fe3[csf],,
,,EX_lcts[csf],,
,,EX_uri[csf],,
,,EX_urea[csf],,
,,EX_ptrc[csf],,
,,EX_HC02192[csf],,
,,EX_HC02193[csf],,
,,EX_HC02199[csf],,
,,EX_HC02200[csf],,
,,EX_HC02201[csf],,
,,EX_zn2[csf],,
,,EX_pyr[csf],,
,,EX_HC02197[csf],,
,,EX_HC02198[csf],,
,,EX_HC02187[csf],,
,,EX_4hpro_LT[csf],,
,,EX_oh1[csf],,
,,EX_lneldccrn[csf],,
,,EX_odecrn[csf],,
,,EX_pmtcrn[csf],,
,,EX_hdcecrn[csf],,
,,EX_pe15_hs[csf],,
,,EX_CE2537[csf],,
,,EX_sphmyln_hs[csf],,
,,EX_glutar[csf],,
,,EX_2hydog[csf],,
,,EX_selmeth[csf],,
,,EX_hdd2crn[csf],,
,,EX_gluside_hs[csf],,
,,EX_gm1b_hs[csf],,
,,EX_gd1b_hs[csf],,
,,EX_gt1b_hs[csf],,
,,EX_M02467[csf],,
,,EX_12dhchol[csf],,
,,EX_3dhcdchol[csf],,
,,EX_3dhchol[csf],,
,,EX_7dhcdchol[csf],,
,,EX_7dhchol[csf],,
,,EX_coprost[csf],,
,,EX_icdchol[csf],,
,,EX_isochol[csf],,
,,EX_uchol[csf],,
,,EX_udp[csf],,
,,EX_ump[csf],,
,,EX_utp[csf],,
,,EX_pelinl_hs[csf],,
,,EX_tym[csf],,
,,EX_Lkynr[csf],,
,,EX_5htrp[csf],,