"mouseID","mouseGene","humanGene","humanID"
100039707,"Gm2382","MTHFS",10588
100040843,"Cyp4a32","CYP4A11",1579
100041273,"Gm3244","NDUFB4",4710
100041585,"Amd2","AMD1",262
100042503,"Gm3873","NDUFB4",4710
100043684,"Amy2a4","AMY2B",280
100043686,"Amy2a3","AMY2B",280
100043688,"Amy2a2","AMY2B",280
100163,"Pafah2","PAFAH2",5051
100198,"H6pd","H6PD",9563
100328588,"Nup62-il4i1","IL4I1",259307
100417514,"Adh6b",NA,NA
100503991,"Acpt","ACPT",93650
100678,"Psph","PSPH",5723
100705,"Acacb","ACACB",32
100862375,"Gm21685","ENTPD4",9583
101488,"Slco2b1","SLCO2B1",11309
101490,"Inpp5f","INPP5F",22876
101502,"Hsd3b7","HSD3B7",80270
101744,"Papl","PAPL",390928
102247,"Agpat6","AGPAT6",137964
102294,"Cyp4v3","CYP4V2",285440
102448,"Xylb","XYLB",9942
102570,"Slc22a13","SLC22A13",9390
102631912,"LOC102631912","NDUFB1",4707
102632,"Acad11","ACAD11",84129
102680,"Slc6a20a","SLC6A20",54716
102857,"Slc6a8","SLC6A8",6535
103142,"Rdh9","RDH16",8608
103149,"Upb1","UPB1",51733
103199,"Fig4","FIG4",9896
103466,"Nt5dc3","NT5DC3",51559
103850,"Nt5m","NT5M",56953
103988,"Gck","GCK",2645
104015,"Synj1","SYNJ1",8867
104086,"Cyp27a1","CYP27A1",1593
104110,"Adcy4","ADCY4",196883
104111,"Adcy3","ADCY3",109
104112,"Acly","ACLY",47
104130,"Ndufb11","NDUFB11",54539
104174,"Gldc","GLDC",2731
104245,"Slc6a5","SLC6A5",9152
104418,"Dgkz","DGKZ",8525
104759,"Pld4","PLD4",122618
104776,"Aldh6a1","ALDH6A1",4329
104816,"Aspg","ASPG",374569
104923,"Adi1","ADI1",55256
105014,"Rdh14","RDH14",57665
105243,"Slc9a3","SLC9A3",6550
105349,"Akr1c18","AKR1C3",8644
105355,"Slc17a3","SLC17A3",10786
105446,"Gmpr2","GMPR2",51292
105663,"Thtpa","THTPA",79178
105727,"Slc38a1","SLC38A1",81539
106407,"Slc51a","SLC51A",200931
106529,"Tecr","TECR",9524
106557,"Ldhal6b","LDHAL6B",92483
106564,"Ppcs","PPCS",79717
106648,"Cyp4f15","CYP4F8",11283
107029,"Me2","ME2",4200
107146,"Glyat","GLYAT",10249
107239,"Carns1","CARNS1",57571
107272,"Psat1","PSAT1",29968
107476,"Acaca","ACACA",31
107569,"Nt5c3","NT5C3A",51251
107585,"Dio3","DIO3",1735
107605,"Rdh1","RDH16",8608
107650,"Pi4kb","PI4KB",5298
107652,"Uap1","UAP1",6675
107723,"Slc12a6","SLC12A6",9990
107747,"Aldh1l1","ALDH1L1",10840
107766,"Haao","HAAO",23498
107823,"Whsc1","WHSC1",7468
107869,"Cth","CTH",1491
107885,"Mthfs","MTHFS",10588
107895,"Mgat5","MGAT5",4249
108037,"Shmt2","SHMT2",6472
108052,"Slc14a1","SLC14A1",6563
108083,"Pip4k2b","PIP4K2B",8396
108096,"Slco1a5","SLCO1A2",6579
108105,"B3gnt5","B3GNT5",84002
108114,"Slc22a7","SLC22A7",10864
108115,"Slco4a1","SLCO4A1",28231
108116,"Slco3a1","SLCO3A1",28232
108147,"Atic","ATIC",471
108148,"Galnt2","GALNT2",2590
108150,"Galnt7","GALNT7",51809
108155,"Ogt","OGT",8473
108156,"Mthfd1","MTHFD1",4522
108645,"Mat2b","MAT2B",27430
108664,"Atp6v1h","ATP6V1H",51606
108682,"Gpt2","GPT2",84706
108841,"Rdh13","RDH13",112724
108902,"B3gnt1","B3GNT1",11041
109264,"Me3","ME3",10873
109342,"Slc5a10","SLC5A10",125206
109652,"Acy1","ACY1",95
109674,"Ampd2","AMPD2",271
109685,"Hyal3","HYAL3",8372
109731,"Maob","MAOB",4129
109754,"Cyb5r3","CYB5R3",1727
109778,"Blvra","BLVRA",644
109785,"Pgm3","PGM3",5238
109801,"Glo1","GLO1",2739
109857,"Cbr3","CBR3",874
109900,"Asl","ASL",435
109959,"Amy2a5","AMY2B",280
110006,"Gusb","GUSB",2990
110074,"Dut","DUT",1854
110078,"Pygb","PYGB",5834
110095,"Pygl","PYGL",5836
110119,"Mpi","MPI",4351
110147,"Ehmt2","EHMT2",10919
110173,"Manba","MANBA",4126
110175,"Ggct","GGCT",79017
110196,"Fdps","FDPS",2224
110197,"Dgkg","DGKG",1608
110198,"Akr7a5","AKR7A2",8574
110208,"Pgd","PGD",5226
110323,"Cox6b1","COX6B1",1340
110385,"Pde4c","PDE4C",5143
110391,"Qdpr","QDPR",5860
110446,"Acat1","ACAT1",38
110460,"Acat2","ACAT2",39
110524,"Dgkq","DGKQ",1609
110611,"Hdlbp","HDLBP",3069
110639,"Prps2","PRPS2",5634
110695,"Aldh7a1","ALDH7A1",501
110826,"Etfb","ETFB",2109
110842,"Etfa","ETFA",2108
110855,"Pde6c","PDE6C",5146
110877,"Slc18a1","SLC18A1",6570
110891,"Slc8a2","SLC8A2",6543
110893,"Slc8a3","SLC8A3",6547
110895,"Slc9a4","SLC9A4",389015
110911,"Cds2","CDS2",8760
110935,"Atp6v1b1","ATP6V1B1",525
110948,"Hlcs","HLCS",3141
111175,"Pecr","PECR",55825
11303,"Abca1","ABCA1",19
11363,"Acadl","ACADL",33
11364,"Acadm","ACADM",34
11370,"Acadvl","ACADVL",37
11409,"Acads","ACADS",35
114143,"Atp6v0b","ATP6V0B",533
11416,"Slc33a1","SLC33A1",9197
11423,"Ache","ACHE",43
11428,"Aco1","ACO1",48
11429,"Aco2","ACO2",50
11430,"Acox1","ACOX1",51
114304,"Slc28a3","SLC28A3",64078
11431,"Acp1","ACP1",52
11432,"Acp2","ACP2",53
11433,"Acp5","ACP5",54
114479,"Slc5a5","SLC5A5",6528
114644,"Slc13a3","SLC13A3",64849
114663,"Impa2","IMPA2",3613
114664,"Hsd17b11","HSD17B11",51170
11486,"Ada","ADA",100
114863,"Prosc","PROSC",11212
114875,"Plcz1","PLCZ1",89869
11512,"Adcy6","ADCY6",112
11513,"Adcy7","ADCY7",113
11514,"Adcy8","ADCY8",114
11515,"Adcy9","ADCY9",115
11522,"Adh1","ADH1C",126
11529,"Adh7","ADH7",131
11532,"Adh5","ADH5",128
11534,"Adk","ADK",132
11564,"Adsl","ADSL",158
11565,"Adssl1","ADSSL1",122622
11566,"Adss","ADSS",159
11593,"Aga","AGA",175
11605,"Gla","GLA",2717
11611,"Agxt","AGXT",189
11628,"Aicda","AICDA",57379
11636,"Ak1","AK1",203
11637,"Ak2","AK2",204
11639,"Ak4","AK4",205
11647,"Alpl","ALPL",249
11648,"Akp3","ALPI",248
11655,"Alas1","ALAS1",211
11656,"Alas2","ALAS2",212
11666,"Abcd1","ABCD1",215
11668,"Aldh1a1","ALDH1A1",216
11669,"Aldh2","ALDH2",217
11670,"Aldh3a1","ALDH3A1",218
11671,"Aldh3a2","ALDH3A2",224
11674,"Aldoa","ALDOA",226
11676,"Aldoc","ALDOC",230
11677,"Akr1b3","AKR1B1",231
11684,"Alox12","ALOX12",239
11687,"Alox15","ALOX15",246
11688,"Alox8","ALOX15B",247
11689,"Alox5","ALOX5",240
116914,"Slc19a2","SLC19A2",10560
116939,"Pnpla3","PNPLA3",80339
11702,"Amd1","AMD1",262
117147,"Acsm1","ACSM1",116285
117150,"Pip4k2c","PIP4K2C",79837
11717,"Ampd3","AMPD3",272
11720,"Mat1a","MAT1A",4143
11722,"Amy1","AMY2A",279
11739,"Slc25a4","SLC25A4",291
11740,"Slc25a5","SLC25A5",292
11754,"Aoc3","AOC3",8639
11757,"Prdx3","PRDX3",10935
11758,"Prdx6","PRDX6",9588
117591,"Slc2a9","SLC2A9",56606
117592,"B3galt6","B3GALT6",126792
11761,"Aox1","AOX1",316
11770,"Fabp4","FABP4",2167
11816,"Apoe","APOE",348
11821,"Aprt","APRT",353
11826,"Aqp1","AQP1",358
11827,"Aqp2","AQP2",359
11828,"Aqp3","AQP3",360
11829,"Aqp4","AQP4",361
11830,"Aqp5","AQP5",362
11832,"Aqp7","AQP7",364
11833,"Aqp8","AQP8",343
11846,"Arg1","ARG1",383
11847,"Arg2","ARG2",384
11886,"Asah1","ASAH1",427
11898,"Ass1","ASS1",445
11928,"Atp1a1","ATP1A1",476
11931,"Atp1b1","ATP1B1",481
11932,"Atp1b2","ATP1B2",482
11933,"Atp1b3","ATP1B3",483
11941,"Atp2b2","ATP2B2",491
11944,"Atp4a","ATP4A",495
11945,"Atp4b","ATP4B",496
11946,"Atp5a1","ATP5A1",498
11947,"Atp5b","ATP5B",506
11949,"Atp5c1","ATP5C1",509
11950,"Atp5f1","ATP5F1",515
11951,"Atp5g1","ATP5G1",516
11957,"Atp5j","ATP5J",522
11958,"Atp5me","ATP5ME",521
11964,"Atp6v1a","ATP6V1A",523
11966,"Atp6v1b2","ATP6V1B2",526
11972,"Atp6v0d1","ATP6V0D1",9114
11973,"Atp6v1e1","ATP6V1E1",529
11974,"Atp6v0e","ATP6V0E1",8992
11975,"Atp6v0a1","ATP6V0A1",535
11980,"Atp8a1","ATP8A1",10396
11982,"Atp10a","ATP10A",57194
11984,"Atp6v0c","ATP6V0C",527
11987,"Slc7a1","SLC7A1",6541
11988,"Slc7a2","SLC7A2",6542
11989,"Slc7a3","SLC7A3",84889
11992,"Auh","AUH",549
12012,"Baat","BAAT",570
12035,"Bcat1","BCAT1",586
12036,"Bcat2","BCAT2",587
12038,"Bche","BCHE",590
12039,"Bckdha","BCKDHA",593
12040,"Bckdhb","BCKDHB",594
12091,"Glb1","GLB1",2720
12116,"Bhmt","BHMT",635
12140,"Fabp7","FABP7",2173
12183,"Bpgm","BPGM",669
12215,"Bsg","BSG",682
12319,"Car8","CA8",767
12346,"Car1","CA1",759
12349,"Car2","CA2",760
12350,"Car3","CA3",761
12351,"Car4","CA4",762
12352,"Car5a","CA5A",763
12353,"Car6","CA6",765
12354,"Car7","CA7",766
12359,"Cat","CAT",847
12408,"Cbr1","CBR1",873
12411,"Cbs","CBS",875
12491,"Cd36","CD36",948
12495,"Entpd1","ENTPD1",953
12496,"Entpd2","ENTPD2",954
12497,"Entpd6","ENTPD6",955
12499,"Entpd5","ENTPD5",957
12583,"Cdo1","CDO1",1036
12613,"Cel","CEL",1056
12642,"Ch25h","CH25H",9023
12647,"Chat","CHAT",1103
12651,"Chkb","CHKB",1120
12660,"Chka","CHKA",1119
12686,"Elovl3","ELOVL3",83401
12709,"Ckb","CKB",1152
12715,"Ckm","CKM",1158
12716,"Ckmt1","CKMT1B",1159
12764,"Cmas","CMAS",55907
12780,"Abcc2","ABCC2",1244
12846,"Comt","COMT",1312
12857,"Cox4i1","COX4I1",1327
12858,"Cox5a","COX5A",9377
12859,"Cox5b","COX5B",1329
12861,"Cox6a1","COX6A1",1337
12862,"Cox6a2","COX6A2",1339
12864,"Cox6c","COX6C",1345
12865,"Cox7a1","COX7A1",1346
12866,"Cox7a2","COX7A2",1347
12867,"Cox7c","COX7C",1350
12868,"Cox8a","COX8A",1351
12870,"Cp","CP",1356
12892,"Cpox","CPOX",1371
12894,"Cpt1a","CPT1A",1374
12895,"Cpt1b","CPT1B",1375
12896,"Cpt2","CPT2",1376
12908,"Crat","CRAT",1384
12934,"Dpysl2","DPYSL2",1808
12974,"Cs","CS",1431
13016,"Ctbp1","CTBP1",1487
13026,"Pcyt1a","PCYT1A",5130
13070,"Cyp11a1","CYP11A1",1583
13074,"Cyp17a1","CYP17A1",1586
13075,"Cyp19a1","CYP19A1",1588
13076,"Cyp1a1","CYP1A1",1543
13077,"Cyp1a2","CYP1A2",1544
13078,"Cyp1b1","CYP1B1",1545
13106,"Cyp2e1","CYP2E1",1571
13113,"Cyp3a13","CYP3A7",1551
13116,"Cyp46a1","CYP46A1",10858
13117,"Cyp4a10","CYP4A11",1579
13121,"Cyp51","CYP51A1",1595
13122,"Cyp7a1","CYP7A1",1581
13124,"Cyp8b1","CYP8B1",1582
13139,"Dgka","DGKA",1606
13142,"Dao","DAO",1610
13162,"Slc6a3","SLC6A3",6531
13166,"Dbh","DBH",1621
13167,"Dbi","DBI",1622
13171,"Dbt","DBT",1629
13177,"Eci1","ECI1",1632
13178,"Dck","DCK",1633
13180,"Pcbd1","PCBD1",5092
13195,"Ddc","DDC",1644
13244,"Degs1","DEGS1",8560
13340,"Slc29a2","SLC29A2",3177
13350,"Dgat1","DGAT1",8694
13358,"Slc25a1","SLC25A1",6576
13360,"Dhcr7","DHCR7",1717
13361,"Dhfr","DHFR",1719
13370,"Dio1","DIO1",1733
13371,"Dio2","DIO2",1734
13382,"Dld","DLD",1738
13479,"Dpep1","DPEP1",1800
13487,"Slc26a3","SLC26A3",1811
13521,"Slc26a2","SLC26A2",1836
13595,"Ebp","EBP",10682
13806,"Eno1","ENO1",2023
13807,"Eno2","ENO2",2026
13808,"Eno3","ENO3",2027
13861,"Epx","EPX",8288
13885,"Esd","ESD",2098
14042,"Ext1","EXT1",2131
14043,"Ext2","EXT2",2132
140483,"Hnmt","HNMT",3176
140494,"Atp6v0a4","ATP6V0A4",50617
14077,"Fabp3","FABP3",2170
14080,"Fabp1","FABP1",2168
14081,"Acsl1","ACSL1",2180
14085,"Fah","FAH",2184
140919,"Slc17a6","SLC17A6",57084
14104,"Fasn","FASN",2194
14120,"Fbp2","FBP2",8789
14121,"Fbp1","FBP1",2203
14137,"Fdft1","FDFT1",2222
14151,"Fech","FECH",2235
14187,"Akr1b8","AKR1B10",57016
14194,"Fh1","FH",2271
14204,"Il4i1","IL4I1",259307
14245,"Lpin1","LPIN1",23175
142681,"Slc34a3","SLC34A3",142680
14275,"Folr1","FOLR1",2348
14276,"Folr2","FOLR2",2350
14287,"Fpgs","FPGS",2356
14317,"Ftcd","FTCD",10841
14319,"Fth1","FTH1",2495
14325,"Ftl1","FTL",2512
14345,"Fut4","FUT4",2526
14347,"Fut7","FUT7",2529
14348,"Fut9","FUT9",10690
14377,"G6pc","G6PC",2538
14378,"G6pc2","G6PC2",57818
14381,"G6pdx","G6PD",2539
14385,"Slc37a4","SLC37A4",2542
14387,"Gaa","GAA",2548
14411,"Slc6a12","SLC6A12",6539
14412,"Slc6a13","SLC6A13",6540
14415,"Gad1","GAD1",2571
14417,"Gad2","GAD2",2572
14420,"Galc","GALC",2581
14421,"B4galnt1","B4GALNT1",2583
14422,"B4galnt2","B4GALNT2",124872
14423,"Galnt1","GALNT1",2589
14425,"Galnt3","GALNT3",2591
14426,"Galnt4","GALNT4",8693
14430,"Galt","GALT",2592
14431,"Gamt","GAMT",2593
14433,"Gapdh","GAPDH",2597
14447,"Gapdhs","GAPDHS",26330
14450,"Gart","GART",2618
14466,"Gba","GBA",2629
14537,"Gcnt1","GCNT1",2650
14544,"Gda","GDA",9615
14555,"Gpd1","GPD1",2819
14571,"Gpd2","GPD2",2820
14583,"Gfpt1","GFPT1",2673
14584,"Gfpt2","GFPT2",9945
14590,"Ggh","GGH",8836
14593,"Ggps1","GGPS1",9453
14595,"B4galt1","B4GALT1",2683
14598,"Ggt1","GGT1",2678
14626,"Gk2","GK2",2712
14629,"Gclc","GCLC",2729
14630,"Gclm","GCLM",2730
14635,"Galk1","GALK1",2584
14645,"Glul","GLUL",2752
14651,"Hagh","HAGH",3029
14660,"Gls","GLS",2744
14661,"Glud1","GLUD1",2746
14664,"Slc6a9","SLC6A9",6536
14667,"Gm2a","GM2A",2760
14711,"Gnmt","GNMT",27232
14718,"Got1","GOT1",2805
14719,"Got2","GOT2",2806
14732,"Gpam","GPAM",57678
14751,"Gpi1","GPI",2821
14775,"Gpx1","GPX1",2876
14776,"Gpx2","GPX2",2877
14778,"Gpx3","GPX3",2878
14780,"Gpx5","GPX5",2880
14782,"Gsr","GSR",2936
14854,"Gss","GSS",2937
14874,"Gstz1","GSTZ1",2954
14913,"Guca1a","GUCA1A",2978
14917,"Gucy2c","GUCY2C",2984
14919,"Gucy2e","GUCY2D",3000
14923,"Guk1","GUK1",2987
14933,"Gk","GK",2710
14936,"Gys1","GYS1",2997
14979,"H2-Ke6","HSD17B8",7923
15107,"Hadh","HADH",3033
15108,"Hsd17b10","HSD17B10",3028
15109,"Hal","HAL",3034
15112,"Hao1","HAO1",54363
15116,"Has1","HAS1",3036
15117,"Has2","HAS2",3037
15118,"Has3","HAS3",3038
15186,"Hdc","HDC",3067
15203,"Heph","HEPH",9843
15211,"Hexa","HEXA",3073
15212,"Hexb","HEXB",3074
15233,"Hgd","HGD",3081
15275,"Hk1","HK1",3098
15277,"Hk2","HK2",3099
15288,"Hmbs","HMBS",3145
15356,"Hmgcl","HMGCL",3155
15357,"Hmgcr","HMGCR",3156
15360,"Hmgcs2","HMGCS2",3158
15368,"Hmox1","HMOX1",3162
15369,"Hmox2","HMOX2",3163
15445,"Hpd","HPD",3242
15450,"Lipc","LIPC",3990
15452,"Hprt","HPRT1",3251
15476,"Hs3st1","HS3ST1",9957
15478,"Hs3st3a1","HS3ST3A1",9955
15483,"Hsd11b1","HSD11B1",3290
15484,"Hsd11b2","HSD11B2",3291
15485,"Hsd17b1","HSD17B1",3292
15486,"Hsd17b2","HSD17B2",3294
15487,"Hsd17b3","HSD17B3",3293
15488,"Hsd17b4","HSD17B4",3295
15490,"Hsd17b7","HSD17B7",51478
15492,"Hsd3b1","HSD3B2",3284
15493,"Hsd3b2","HSD3B1",3283
15494,"Hsd3b3","HSD3B1",3283
15497,"Hsd3b6","HSD3B1",3283
15531,"Ndst1","NDST1",3340
15567,"Slc6a4","SLC6A4",6532
15926,"Idh1","IDH1",3417
15929,"Idh3g","IDH3G",3421
15930,"Ido1","IDO1",3620
16204,"Fabp6","FABP6",2172
16329,"Inpp1","INPP1",3628
16330,"Inpp5b","INPP5B",3633
16331,"Inpp5d","INPP5D",3635
16332,"Inppl1","INPPL1",3636
16430,"Stt3a","STT3A",3703
16434,"Itpa","ITPA",3704
16514,"Kcnj11","KCNJ11",3767
16523,"Kcnj8","KCNJ8",3764
16548,"Khk","KHK",3795
16591,"Kl","KL",9365
16592,"Fabp5","FABP5",2171
16770,"Lalba","LALBA",3906
16790,"Anpep","ANPEP",290
16816,"Lcat","LCAT",3931
16828,"Ldha","LDHA",3939
16832,"Ldhb","LDHB",3945
16833,"Ldhc","LDHC",3948
16889,"Lipa","LIPA",3988
16890,"Lipe","LIPE",3991
16891,"Lipg","LIPG",9388
16922,"Phyh","PHYH",5264
16956,"Lpl","LPL",4023
16987,"Lss","LSS",4047
16993,"Lta4h","LTA4H",4048
17001,"Ltc4s","LTC4S",4056
17025,"Alad","ALAD",210
170439,"Elovl6","ELOVL6",79071
170441,"Slc2a10","SLC2A10",81031
170442,"Bbox1","BBOX1",8424
170716,"Cyp4f13","CYP4F3",4051
170718,"Idh3b","IDH3B",3420
170768,"Pfkfb3","PFKFB3",5209
170789,"Acot8","ACOT8",10005
170835,"Inpp5j","INPP5J",27124
171167,"Fut10","FUT10",84750
171168,"Acer1","ACER1",125981
17117,"Amacr","AMACR",23600
171210,"Acot2","ACOT2",10965
171212,"Galnt10","GALNT10",55568
171281,"Acot3","ACOT1",641371
171282,"Acot4","ACOT4",122970
171405,"Slc22a27","SLC22A25",387601
171429,"Slc26a6","SLC26A6",65010
171567,"Nme7","NME7",29922
17159,"Man2b1","MAN2B1",4125
17161,"Maoa","MAOA",4128
17250,"Abcc1","ABCC1",4363
17252,"Rdh11","RDH11",51109
17254,"Slc3a2","SLC3A2",6520
17330,"Minpp1","MINPP1",9562
17339,"Mip","MIP",4284
17423,"Ndst2","NDST2",8509
17436,"Me1","ME1",4199
17448,"Mdh2","MDH2",4191
17449,"Mdh1","MDH1",4190
17708,"COX1","COX1",4512
17709,"COX2","COX2",4513
17710,"COX3","COX3",4514
17711,"CYTB","CYTB",4519
17716,"ND1","ND1",4535
17717,"ND2","ND2",4536
17718,"ND3","ND3",4537
17719,"ND4","ND4",4538
17720,"ND4L","ND4L",4539
17721,"ND5","ND5",4540
17722,"ND6","ND6",4541
17768,"Mthfd2","MTHFD2",10797
17769,"Mthfr","MTHFR",4524
17850,"Mut","MUT",4594
17855,"Mvk","MVK",4598
17919,"Myo5b","MYO5B",4645
17939,"Naga","NAGA",4668
17991,"Ndufa2","NDUFA2",4695
17992,"Ndufa4","NDUFA4",4697
17993,"Ndufs4","NDUFS4",4724
17995,"Ndufv1","NDUFV1",4723
18010,"Neu1","NEU1",4758
18102,"Nme1","NME1",4830
18103,"Nme2","NME2",4831
18104,"Nqo1","NQO1",1728
18115,"Nnt","NNT",23530
18125,"Nos1","NOS1",4842
18126,"Nos2","NOS2",4843
18127,"Nos3","NOS3",4846
18145,"Npc1","NPC1",4864
18160,"Npr1","NPR1",4881
18174,"Slc11a2","SLC11A2",4891
18193,"Nsd1","NSD1",64324
18194,"Nsdhl","NSDHL",50814
18195,"Nsf","NSF",4905
18242,"Oat","OAT",4942
18263,"Odc1","ODC1",4953
18293,"Ogdh","OGDH",4967
18399,"Slc22a6","SLC22A6",9356
18408,"Slc25a15","SLC25A15",10166
18416,"Otc","OTC",5009
18451,"P4ha1","P4HA1",5033
18452,"P4ha2","P4HA2",8974
18472,"Pafah1b1","PAFAH1B1",5048
18475,"Pafah1b2","PAFAH1B2",5049
18476,"Pafah1b3","PAFAH1B3",5050
18477,"Prdx1","PRDX1",5052
18478,"Pah","PAH",5053
18534,"Pck1","PCK1",5105
18563,"Pcx","PC",5091
18573,"Pde1a","PDE1A",5136
18574,"Pde1b","PDE1B",5153
18575,"Pde1c","PDE1C",5137
18576,"Pde3b","PDE3B",5140
18577,"Pde4a","PDE4A",5141
18578,"Pde4b","PDE4B",5142
18582,"Pde6d","PDE6D",5147
18583,"Pde7a","PDE7A",5150
18584,"Pde8a","PDE8A",5151
18585,"Pde9a","PDE9A",5152
18587,"Pde6b","PDE6B",5158
18588,"Pde6g","PDE6G",5148
18597,"Pdha1","PDHA1",5160
18598,"Pdha2","PDHA2",5161
18605,"Enpp1","ENPP1",5167
18606,"Enpp2","ENPP2",5168
18618,"Pemt","PEMT",10400
18639,"Pfkfb1","PFKFB1",5207
18640,"Pfkfb2","PFKFB2",5208
18641,"Pfkl","PFKL",5211
18642,"Pfkm","PFKM",5213
18648,"Pgam1","PGAM1",5223
18655,"Pgk1","PGK1",5230
18663,"Pgk2","PGK2",5232
18669,"Abcb1b","ABCB1",5243
18670,"Abcb4","ABCB4",5244
18675,"Phex","PHEX",5251
18704,"Pik3c2a","PIK3C2A",5286
18705,"Pik3c2g","PIK3C2G",5288
18706,"Pik3ca","PIK3CA",5290
18707,"Pik3cd","PIK3CD",5293
18708,"Pik3r1","PIK3R1",5295
18709,"Pik3r2","PIK3R2",5296
18710,"Pik3r3","PIK3R3",8503
18711,"Pikfyve","PIKFYVE",200576
18717,"Pip5k1c","PIP5K1C",23396
18718,"Pip4k2a","PIP4K2A",5305
18719,"Pip5k1b","PIP5K1B",8395
18720,"Pip5k1a","PIP5K1A",8394
18746,"Pkm","PKM",5315
18770,"Pklr","PKLR",5313
18778,"Pla2g1b","PLA2G1B",5319
18780,"Pla2g2a","PLA2G2A",5320
18782,"Pla2g2d","PLA2G2D",26279
18783,"Pla2g4a","PLA2G4A",5321
18784,"Pla2g5","PLA2G5",5322
18795,"Plcb1","PLCB1",23236
18796,"Plcb2","PLCB2",5330
18797,"Plcb3","PLCB3",5331
18798,"Plcb4","PLCB4",5332
18799,"Plcd1","PLCD1",5333
18802,"Plcd4","PLCD4",84812
18803,"Plcg1","PLCG1",5335
18805,"Pld1","PLD1",5337
18806,"Pld2","PLD2",5338
18807,"Pld3","PLD3",23646
18946,"Pnliprp1","PNLIPRP1",5407
18947,"Pnliprp2","PNLIPRP2",5408
18948,"Pnmt","PNMT",5409
18950,"Pnp","PNP",4860
19012,"Plpp1","PLPP1",8611
19025,"Ctsa","CTSA",5476
19044,"Ppox","PPOX",5498
19063,"Ppt1","PPT1",5538
19125,"Prodh","LOC102724788",102724788
19139,"Prps1","PRPS1",5631
19156,"Psap","PSAP",5660
19193,"Pipox","PIPOX",51268
19210,"Ptdss1","PTDSS1",9791
19211,"Pten","PTEN",5728
19215,"Ptgds","PTGDS",5730
192156,"Mvd","MVD",4597
192166,"Sardh","SARDH",1757
192185,"Nadk","NADK",65220
192195,"Ash1l","ASH1L",55870
19224,"Ptgs1","PTGS1",5742
19225,"Ptgs2","PTGS2",5743
192289,"Tmlhe","TMLHE",55217
19299,"Abcd3","ABCD3",5825
19309,"Pygm","PYGM",5837
19378,"Aldh1a2","ALDH1A2",8854
194908,"Pld6","PLD6",201164
195646,"Hs3st2","HS3ST2",9956
19682,"Rdh5","RDH5",5959
19683,"Rdh16","RDH16",8608
19703,"Renbp","RENBP",5973
19743,"Rhag","RHAG",6005
19879,"Slc22a8","SLC22A8",9376
19895,"Rpia","RPIA",22934
20133,"Rrm1","RRM1",6240
20135,"Rrm2","RRM2",6241
20216,"Acsm3","ACSM3",6296
20229,"Sat1","SAT1",6303
20249,"Scd1","SCD",6319
20280,"Scp2","SCP2",6342
20322,"Sord","SORD",6652
20397,"Sgpl1","SGPL1",8879
20425,"Shmt1","SHMT1",6470
20442,"St3gal1","ST3GAL1",6482
20443,"St3gal4","ST3GAL4",6484
20444,"St3gal2","ST3GAL2",6483
20446,"St6galnac2","ST6GALNAC2",10610
20447,"St6galnac3","ST6GALNAC3",256435
20448,"St6galnac4","ST6GALNAC4",27090
20449,"St8sia1","ST8SIA1",6489
20454,"St3gal5","ST3GAL5",8869
20463,"Cox7a2l","COX7A2L",9167
20493,"Slc10a1","SLC10A1",6554
20494,"Slc10a2","SLC10A2",6555
20495,"Slc12a1","SLC12A1",6557
20496,"Slc12a2","SLC12A2",6558
20497,"Slc12a3","SLC12A3",6559
20498,"Slc12a4","SLC12A4",6560
20499,"Slc12a7","SLC12A7",10723
20500,"Slc13a2","SLC13A2",9058
20501,"Slc16a1","SLC16A1",6566
20502,"Slc16a2","SLC16A2",6567
20503,"Slc16a7","SLC16A7",9194
20504,"Slc17a1","SLC17A1",6568
20505,"Slc34a1","SLC34A1",6569
20508,"Slc18a3","SLC18A3",6572
20509,"Slc19a1","SLC19A1",6573
20510,"Slc1a1","SLC1A1",6505
20511,"Slc1a2","SLC1A2",6506
20512,"Slc1a3","SLC1A3",6507
20513,"Slc1a6","SLC1A6",6511
20514,"Slc1a5","SLC1A5",6510
20515,"Slc20a1","SLC20A1",6574
20516,"Slc20a2","SLC20A2",6575
20517,"Slc22a1","SLC22A1",6580
20518,"Slc22a2","SLC22A2",6582
20519,"Slc22a3","SLC22A3",6581
20520,"Slc22a5","SLC22A5",6584
20521,"Slc22a12","SLC22A12",116085
20522,"Slc23a1","SLC23A1",9963
20523,"Slc25a14","SLC25A14",9016
20524,"Slc25a17","SLC25A17",10478
20525,"Slc2a1","SLC2A1",6513
20526,"Slc2a2","SLC2A2",6514
20527,"Slc2a3","SLC2A3",6515
20528,"Slc2a4","SLC2A4",6517
20531,"Slc34a2","SLC34A2",10568
20532,"Slc3a1","SLC3A1",6519
20533,"Slc4a1","SLC4A1",6521
20535,"Slc4a2","SLC4A2",6522
20536,"Slc4a3","SLC4A3",6508
20537,"Slc5a1","SLC5A1",6523
20538,"Slc6a2","SLC6A2",6530
20539,"Slc7a5","SLC7A5",8140
20540,"Slc7a7","SLC7A7",9056
20541,"Slc8a1","SLC8A1",6546
20544,"Slc9a1","SLC9A1",6548
20597,"Smpd1","SMPD1",6609
20598,"Smpd2","SMPD2",6610
20603,"Sms","SMS",6611
20652,"Soat1","SOAT1",6646
20655,"Sod1","SOD1",6647
20656,"Sod2","SOD2",6648
20657,"Sod3","SOD3",6649
20698,"Sphk1","SPHK1",8877
207151,"Slc22a19","SLC22A24",283238
207182,"Ggt7","GGT7",2686
207728,"Pde2a","PDE2A",5138
20773,"Sptlc2","SPTLC2",9517
20775,"Sqle","SQLE",6713
207839,"Galnt6","GALNT6",11226
208043,"Setd1b","SETD1B",23067
20810,"Srm","SRM",6723
208211,"Alg1","ALG1",56052
208266,"Dot1l","DOT1L",84444
208449,"Sgms1","SGMS1",259230
20860,"Sult1e1","SULT1E1",6783
208665,"Akr1d1","AKR1D1",6718
208715,"Hmgcs1","HMGCS1",3157
20887,"Sult1a1","SULT1A1",6817
208890,"Slc26a7","SLC26A7",115111
208967,"Thnsl1","THNSL1",79896
208982,"Hmgcll1","HMGCLL1",54511
209027,"Pycr1","PYCR1",5831
209039,"Tenc1","TENC1",23371
20905,"Sts","STS",412
20916,"Sucla2","SUCLA2",8803
20917,"Suclg2","SUCLG2",8801
209176,"Ido2","IDO2",169355
20927,"Abcc8","ABCC8",6833
20928,"Abcc9","ABCC9",10060
20937,"Suv39h1","SUV39H1",6839
209558,"Enpp3","ENPP3",5169
20975,"Synj2","SYNJ2",8871
209837,"Slc38a5","SLC38A5",92745
210004,"B3gntl1","B3GNTL1",146712
210044,"Adcy2","ADCY2",108
211347,"Pank3","PANK3",79646
211389,"Suox","SUOX",6821
211429,"Pla2g4b","PLA2G4B",100137049
211488,"Ado","ADO",84890
212032,"Hk3","HK3",3101
212111,"Inpp5a","INPP5A",3632
212647,"Aldh4a1","ALDH4A1",8659
212862,"Chpt1","CHPT1",56994
21351,"Taldo1","TALDO1",6888
21366,"Slc6a6","SLC6A6",6533
214084,"Slc18a2","SLC18A2",6571
214111,"Slc24a1","SLC24A1",9187
214162,"Kmt2a","KMT2A",4297
214253,"Etnk2","ETNK2",55224
214579,"Aldh5a1","ALDH5A1",7915
214593,"Duox2","DUOX2",50506
214663,"Slc25a29","SLC25A29",123096
215015,"Fam20b","FAM20B",9917
215113,"Slc43a2","SLC43A2",124935
215335,"Slc36a1","SLC36A1",206358
215446,"Entpd3","ENTPD3",956
216019,"Hkdc1","HKDC1",80201
216134,"Pdxk","PDXK",8566
216152,"BC005764","LPPR3",79948
216188,"Aldh1l2","ALDH1L2",160428
216225,"Slc5a8","SLC5A8",160728
216227,"Slc17a8","SLC17A8",246213
216343,"Tph2","TPH2",121278
216453,"Rdh19","RDH16",8608
216454,"BC089597","RDH16",8608
216456,"Gls2","GLS2",27165
216558,"Ugp2","UGP2",7360
21672,"Prdx2","PRDX2",7001
216739,"Acsl6","ACSL6",23305
217119,"Xylt2","XYLT2",64132
217214,"Nags","NAGS",162417
217480,"Dgkb","DGKB",1607
217593,"Slc25a21","SLC25A21",89874
217700,"Acot6","ACOT6",641372
217707,"Coq6","COQ6",51004
217837,"Itpk1","ITPK1",3705
218103,"Slc17a2","SLC17A2",10246
218121,"Mboat1","MBOAT1",154141
21823,"Th","TH",7054
218232,"Ptpdc1","PTPDC1",138639
218271,"B4galt7","B4GALT7",11285
218461,"Pde8b","PDE8B",8622
218476,"Gcnt4","GCNT4",51301
21871,"Atp6v0a2","ATP6V0A2",23545
218756,"Slc4a7","SLC4A7",9497
21877,"Tk1","TK1",7083
21881,"Tkt","TKT",7086
21884,"Fabp9","FABP9",646480
218865,"Chdh","CHDH",55349
219135,"Mtmr6","MTMR6",9107
21915,"Dtymk","DTYMK",1841
21990,"Tph1","TPH1",7166
21991,"Tpi1","TPI1",7167
22117,"Tst","TST",7263
22169,"Cmpk2","CMPK2",129607
22171,"Tyms","TYMS",7298
22173,"Tyr","TYR",7299
22227,"Ucp1","UCP1",7350
22228,"Ucp2","UCP2",7351
22229,"Ucp3","UCP3",7352
22232,"Slc35a2","SLC35A2",7355
22234,"Ugcg","UGCG",7357
22235,"Ugdh","UGDH",7358
22236,"Ugt1a2","UGT1A3",54659
22240,"Dpysl3","DPYSL3",1809
22245,"Uck1","UCK1",83549
22247,"Umps","UMPS",7372
22271,"Upp1","UPP1",7378
22272,"Uqcrq","UQCRQ",27089
22273,"Uqcrc1","UQCRC1",7384
22275,"Urod","UROD",7389
22276,"Uros","UROS",7390
22348,"Slc32a1","SLC32A1",140679
22361,"Vnn1","VNN1",8876
223646,"Naprt1","NAPRT1",93100
223753,"Cerk","CERK",64781
223920,"Soat2","SOAT2",8435
224020,"Pi4ka","PI4KA",5297
224024,"Scarf2","SCARF2",91179
224129,"Adcy5","ADCY5",111
224143,"Poglut1","POGLUT1",56983
22436,"Xdh","XDH",7498
224530,"Acat3","ACAT2",39
224661,"Slc26a8","SLC26A8",116369
224674,"Slc37a1","SLC37A1",54020
225010,"Lclat1","LCLAT1",253558
225326,"Pik3c3","PIK3C3",5289
225579,"Slc27a6","SLC27A6",28965
225600,"Pde6a","PDE6A",5145
225742,"St8sia5","ST8SIA5",29906
225791,"Zadh2","ZADH2",284273
225887,"Ndufs8","NDUFS8",4728
225888,"Suv420h1","SUV420H1",51111
225913,"Dak","DAK",26007
22598,"Slc6a18","SLC6A18",348932
225994,"Nmrk1","NMRK1",54981
226413,"Lct","LCT",3938
226518,"Nmnat2","NMNAT2",23057
226646,"Ndufs2","NDUFS2",4720
226999,"Slc9a2","SLC9A2",6549
227095,"Hibch","HIBCH",26275
227120,"Plcl1","PLCL1",5334
227197,"Ndufs1","NDUFS1",4719
227231,"Cps1","CPS1",1373
227327,"B3gnt7","B3GNT7",93010
227333,"Dgkd","DGKD",8527
227399,"Ppip5k2","PPIP5K2",23262
227620,"Uap1l1","UAP1L1",91373
227659,"Slc2a6","SLC2A6",11182
227671,"Gbgt1","GBGT1",26301
227721,"Ppapdc3","PPAPDC3",84814
227733,"Pip5kl1","PIP5KL1",138429
228033,"Atp5g3","ATP5G3",518
228550,"Itpka","ITPKA",3706
228677,"Sptlc3","SPTLC3",55304
229211,"Acad9","ACAD9",28976
229363,"Gmps","GMPS",8833
229665,"Ampd1","AMPD1",270
229709,"Ahcyl1","AHCYL1",10768
229782,"Slc35a3","SLC35A3",23443
229791,"D3Bwg0562e","LPPR4",9890
229949,"Ak5","AK5",26289
230075,"Ndufb6","NDUFB6",4712
230099,"Car9","CA9",768
230101,"Gba2","GBA2",57704
230103,"Npr2","NPR2",4882
230145,"Galnt12","GALNT12",79695
230163,"Aldob","ALDOB",229
230379,"Acer2","ACER2",340485
230612,"Slc5a9","SLC5A9",200010
230718,"Nt5c1a","NT5C1A",84618
230801,"Pigv","PIGV",55650
231050,"Galnt11","GALNT11",63917
231051,"Kmt2c","KMT2C",58508
231086,"Hadhb","HADHB",3032
231327,"Ppat","PPAT",5471
231396,"Ugt2b36","UGT2B7",7364
231583,"Slc26a1","SLC26A1",10861
231605,"Galnt9","GALNT9",50614
231691,"Sds","SDS",10993
231727,"B3gnt4","B3GNT4",79369
231871,"Daglb","DAGLB",221955
232087,"Mat2a","MAT2A",4144
232156,"Slc4a5","SLC4A5",57835
232333,"Slc6a1","SLC6A1",6529
232449,"Dera","DERA",51071
232493,"Gys2","GYS2",2998
232714,"Mgam","MGAM",8972
232811,"Suv420h2","SUV420H2",84787
232975,"Atp1a3","ATP1A3",478
232984,"B3gnt8","B3GNT8",374907
233011,"Itpkc","ITPKC",80271
233016,"Blvrb","BLVRB",645
233549,"Mogat2","MOGAT2",80168
233781,"Xylt1","XYLT1",64131
233799,"Acsm2","ACSM2A",123876
233801,"Acsm4","ACSM4",341392
233836,"Slc5a11","SLC5A11",115584
233904,"Setd1a","SETD1A",9739
234129,"Tpte","TPTE2",93492
234135,"Whsc1l1","WHSC1L1",54904
234309,"Cbr4","CBR4",84869
234356,"Csgalnact1","CSGALNACT1",55790
234515,"Inpp4b","INPP4B",8821
234724,"Tat","TAT",6898
234779,"Plcg2","PLCG2",5336
234889,"Gucy1a2","GUCY1A2",2977
234967,"Slc36a4","SLC36A4",120103
235033,"Rdh8","RDH8",50700
235044,"BC018242","LPPR2",64748
235293,"Sc5d","SC5D",6309
235339,"Dlat","DLAT",1737
235504,"Slc17a5","SLC17A5",26503
235534,"Acpl2","ACPL2",92370
235582,"Glyctk","GLYCTK",132158
235626,"Setd2","SETD2",29072
235674,"Acaa1b","ACAA1",30
236149,"Slc22a26",NA,NA
236293,"Slc22a29","SLC22A25",387601
236539,"Phgdh","PHGDH",26227
236899,"Pcyt1b","PCYT1B",9468
237523,"Ptprq","PTPRQ",374462
237625,"Pla2g3","PLA2G3",50487
237823,"Pfas","PFAS",5198
237831,"Slc13a5","SLC13A5",284111
237928,"Phospho1","PHOSPHO1",162466
237940,"Aoc2","AOC2",314
238011,"Enpp7","ENPP7",339221
238023,"Hexdc","HEXDC",284004
238024,"Fn3krp","FN3KRP",79672
23827,"Bpnt1","BPNT1",10380
23831,"Car14","CA14",23632
238384,"Slc24a4","SLC24A4",123041
238505,"Mtr","MTR",4548
23887,"Ggt5","GGT5",2687
238871,"Pde4d","PDE4D",5144
23900,"Hcst","HCST",10870
23908,"Hs2st1","HS2ST1",9653
239122,"Setdb2","SETDB2",83852
23917,"Impdh1","IMPDH1",3614
23918,"Impdh2","IMPDH2",3615
23923,"Aadat","AADAT",51166
239273,"Abcc4","ABCC4",10257
23945,"Mgll","MGLL",11343
239559,"A4galt","A4GALT",53947
23956,"Neu2","NEU2",4759
23959,"Nt5e","NT5E",4907
239606,"Slc2a13","SLC2A13",114134
23971,"Papss1","PAPSS1",9061
23972,"Papss2","PAPSS2",9060
239827,"Pigz","PIGZ",80235
23984,"Pde10a","PDE10A",10846
23985,"Slc26a4","SLC26A4",5172
23986,"Eci2","ECI2",10455
240215,"Slc4a9","SLC4A9",83697
240332,"Slc6a7","SLC6A7",6534
24059,"Slco2a1","SLCO2A1",6578
24060,"Slc35a1","SLC35A1",10559
240752,"Pik3c2b","PIK3C2B",5287
241159,"Neu4","NEU4",129807
241391,"Galnt5","GALNT5",11227
241447,"Cers6","CERS6",253782
241489,"Pde11a","PDE11A",50940
241612,"Slc5a12","SLC5A12",159963
242202,"Pde5a","PDE5A",8654
242285,"Sdr16c5","SDR16C5",195814
242341,"Atp6v0d2","ATP6V0D2",245972
242585,"Slc35d1","SLC35D1",23169
242607,"Slc1a7","SLC1A7",6512
243078,"Tecrl","TECRL",253017
243085,"Ugt2b35","UGT2B7",7364
243328,"Slc29a4","SLC29A4",222962
243537,"Uroc1","UROC1",131669
243616,"Slc6a11","SLC6A11",6538
243755,"Slc13a4","SLC13A4",26266
245650,"Gucy2f","GUCY2F",2986
245847,"Amdhd2","AMDHD2",51005
246049,"Slc36a2","SLC36A2",153201
246221,"Mpst","MPST",4357
246277,"Csad","CSAD",51380
246696,"Slc25a28","SLC25A28",81894
246787,"Slc5a2","SLC5A2",6524
257635,"Sdsl","SDSL",113675
26357,"Abcg2","ABCG2",9429
26363,"Btd","BTD",686
26378,"Decr2","DECR2",26063
26384,"Gnpda1","GNPDA1",10007
26457,"Slc27a1","SLC27A1",376497
26458,"Slc27a2","SLC27A2",11001
26459,"Slc27a5","SLC27A5",10998
26462,"Txnrd2","TXNRD2",10587
26464,"Vnn3",NA,NA
26565,"Pla2g10","PLA2G10",8399
26568,"Slc27a3","SLC27A3",11000
26569,"Slc27a4","SLC27A4",10999
266645,"Acmsd","ACMSD",130013
266744,"Lgsn","LGSN",51557
268510,"Mgat5b","MGAT5B",146664
268512,"Slc26a11","SLC26A11",284129
268656,"Sptlc1","SPTLC1",10558
26874,"Abcd2","ABCD2",225
268756,"Gulo",NA,NA
26876,"Adh4","ADH4",127
26877,"B3galt1","B3GALT1",8708
26878,"B3galt2","B3GALT2",8707
268782,"Agxt2","AGXT2",64902
26879,"B3galnt1","B3GALNT1",8706
268860,"Abat","ABAT",18
26887,"Chst4","CHST4",10164
269060,"Dagla","DAGLA",747
26912,"Gcat","GCAT",23464
269180,"Inpp4a","INPP4A",3631
26922,"Mecr","MECR",51102
269346,"Slc28a2","SLC28A2",9153
269378,"Ahcy","AHCY",191
26938,"St6galnac5","ST6GALNAC5",81849
269437,"Plch1","PLCH1",23007
269614,"Pank4","PANK4",55229
269615,"Plch2","PLCH2",9651
26970,"Pla2g2e","PLA2G2E",30814
26971,"Pla2g2f","PLA2G2F",64600
269823,"Pon3","PON3",5446
269941,"Chsy1","CHSY1",22856
269951,"Idh2","IDH2",3418
270076,"Gcdh","GCDH",2639
270198,"Pfkfb4","PFKFB4",5210
27053,"Asns","ASNS",440
27060,"Tcirg1","TCIRG1",10312
270685,"Mthfd1l","MTHFD1L",25902
271424,"Ip6k3","IP6K3",117283
271639,"Adcy10","ADCY10",55811
271786,"Galnt13","GALNT13",114805
27222,"Atp1a4","ATP1A4",480
27226,"Pla2g7","PLA2G7",7941
272411,"B3gnt6","B3GNT6",192134
272428,"Acsm5","ACSM5",54988
27357,"Gyg","GYG1",2992
27369,"Dguok","DGUOK",1716
27376,"Slc25a10","SLC25A10",1468
27388,"Ptdss2","PTDSS2",81490
27399,"Ip6k1","IP6K1",9807
27402,"Pdhx","PDHX",8050
27404,"Abca8b","ABCA8",10351
27409,"Abcg5","ABCG5",64240
27410,"Abca3","ABCA3",21
27411,"Slc14a2","SLC14A2",8170
27413,"Abcb11","ABCB11",8647
27416,"Abcc5","ABCC5",10057
27425,"Atp5l","ATP5L",10632
277973,"Slc9a5","SLC9A5",6553
28042,"Ept1","EPT1",85465
280645,"B3gat2","B3GAT2",135152
28080,"Atp5o","ATP5O",539
28169,"Agpat3","AGPAT3",56894
28200,"Dhrs4","DHRS4",10901
28253,"Slco1b2","SLCO1B3",28234
29807,"Tpk1","TPK1",27010
29859,"Sult4a1","SULT4A1",25830
29863,"Pde7b","PDE7B",27115
30805,"Slc22a4","SLC22A4",6583
30955,"Pik3cg","PIK3CG",5294
30956,"Aass","AASS",10157
30962,"Slc7a9","SLC7A9",11136
30963,"Ptpla","PTPLA",9200
319415,"Hs3st5","HS3ST5",222537
319446,"Dpep2","DPEP2",64174
319518,"Pdpr","PDPR",55066
319554,"Idi1","IDI1",3422
319800,"Slc22a30","SLC22A25",387601
319848,"Slc17a4","SLC17A4",10050
319945,"Flad1","FLAD1",80308
320011,"Uggt1","UGGT1",56886
320127,"Dgki","DGKI",9162
320207,"Pik3r5","PIK3R5",23533
320208,"Tmem91","TMEM91",641649
320404,"Itpkb","ITPKB",3707
320452,"P4ha3","P4HA3",283208
320581,"Idi2",NA,NA
320634,"Ocrl","OCRL",4952
320635,"Cyb5r2","CYB5R2",51700
320685,"Dctd","DCTD",1635
320707,"Atp2b3","ATP2B3",492
320718,"Slc26a9","SLC26A9",115019
320940,"Atp11c","ATP11C",286410
320951,"Pisd","PISD",23761
320981,"Enpp6","ENPP6",133121
320997,"Cyp4f39","CYP4F22",126410
327655,"Ppip5k1","PPIP5K1",9677
327951,"Cyb5d1","CYB5D1",124637
328035,"Fads6","FADS6",283985
328779,"Hs3st6","HS3ST6",64711
328845,"Acsbg2","ACSBG2",81616
329502,"Pla2g4e","PLA2G4E",123745
329506,"Ctdspl2","CTDSPL2",51496
330064,"Slc5a6","SLC5A6",8884
330406,"B4galnt3","B4GALNT3",283358
330671,"B4galnt4","B4GALNT4",338707
330836,"Slc7a6","SLC7A6",9057
330962,"Slc51b","SLC51B",123264
331487,"Uprt","UPRT",139596
333182,"Cox6b2","COX6B2",125965
333424,"A4gnt","A4GNT",51146
338366,"Mia3","MIA3",375056
338375,"Atp6v1g3","ATP6V1G3",127124
338403,"Cndp1","CNDP1",84735
353169,"Slc2a12","SLC2A12",154091
353371,"Oxct2b","OXCT2",64064
380660,"Acss3","ACSS3",79611
380921,"Dgkh","DGKH",160851
381022,"Kmt2d","KMT2D",8085
381290,"Atp2b4","ATP2B4",493
381694,"B3galtl","B3GALTL",145173
381925,"Ppapdc1a","PPAPDC1A",196051
382985,"Rrm2b","RRM2B",50484
394430,"Ugt1a10","UGT1A10",54575
394432,"Ugt1a7c",NA,NA
394433,"Ugt1a5","UGT1A4",54657
394434,"Ugt1a9","UGT1A10",54575
394435,"Ugt1a6b","UGT1A6",54578
394436,"Ugt1a1","UGT1A1",54658
407785,"Ndufs6","NDUFS6",4726
432530,"Adcy1","ADCY1",107
433022,"Plcxd2","PLCXD2",257068
433182,"Gm5506","ENO1",2023
433256,"Acsl5","ACSL5",51703
433323,"Sgpp2","SGPP2",130367
434203,"Slc28a1","SLC28A1",9154
434264,"Sult2a5","SULT2A1",6822
434437,"Amt","AMT",275
434674,"Slc22a28","SLC22A25",387601
435818,"Slc2a7","SLC2A7",155184
436008,"Sdr42e2","SDR42E2",100288072
50493,"Txnrd1","TXNRD1",7296
50770,"Atp11a","ATP11A",23250
50773,"Nt5c","NT5C",30833
50784,"Ppap2c","PPAP2C",8612
50785,"Hs6st1","HS6ST1",9394
50786,"Hs6st2","HS6ST2",90161
50787,"Hs6st3","HS6ST3",266722
50790,"Acsl4","ACSL4",2182
50798,"Gne","GNE",10020
50799,"Slc25a13","SLC25A13",10165
50877,"Neu3","NEU3",10825
50917,"Galns","GALNS",2588
50934,"Slc7a8","SLC7A8",23428
50935,"St6galnac6","ST6GALNAC6",30815
51797,"Ctps","CTPS1",1503
51798,"Ech1","ECH1",1891
52123,"Agpat5","AGPAT5",55326
52466,"Slc46a1","SLC46A1",113235
52538,"Acaa2","ACAA2",10449
52633,"Nit2","NIT2",56954
52710,"Slc52a2","SLC52A2",79581
52815,"Ldhd","LDHD",197257
52858,"Cdipt","CDIPT",10423
53332,"Mtmr1","MTMR1",8776
53357,"Pla2g6","PLA2G6",8398
53374,"Chst3","CHST3",9469
53415,"Htatip2","HTATIP2",10553
53418,"B4galt2","B4GALT2",8704
53625,"B3gnt2","B3GNT2",10678
53881,"Slc5a3","SLC5A3",6526
53893,"Nudt5","NUDT5",11164
53896,"Slc7a10","SLC7A10",56301
53897,"Gal3st1","GAL3ST1",9514
53945,"Slc40a1","SLC40A1",30061
54122,"Uevld","UEVLD",55293
54150,"Rdh7",NA,NA
54195,"Gucy1b3","GUCY1B3",2983
54200,"Sult2b1","SULT2B1",6820
54218,"B3galt4","B3GALT4",8705
54325,"Elovl1","ELOVL1",64834
54326,"Elovl2","ELOVL2",54898
54338,"Slc23a2","SLC23A2",9962
54342,"Gnpnat1","GNPNAT1",64841
54369,"Nme6","NME6",10201
54371,"Chst2","CHST2",9435
54384,"Mtmr7","MTMR7",9108
54391,"Rfk","RFK",55312
54397,"Ppt2","PPT2",9374
54403,"Slc4a4","SLC4A4",8671
54405,"Ndufa1","NDUFA1",4694
54447,"Asah2","ASAH2",56624
54486,"Hpgds","HPGDS",27306
545975,"Cers3","CERS3",204219
54611,"Pde3a","PDE3A",5139
54616,"Extl3","EXTL3",2137
54667,"Atp8b2","ATP8B2",57198
54670,"Atp8b1","ATP8B1",5205
54710,"Hs3st3b1","HS3ST3B1",9953
55936,"Ctps2","CTPS2",56474
55951,"Mpc1","MPC1",51660
55961,"Slc13a1","SLC13A1",6561
55963,"Slc1a4","SLC1A4",6509
55979,"Agpat1","AGPAT1",10554
55980,"Impa1","IMPA1",3612
55981,"Pigb","PIGB",9488
56012,"Pgam2","PGAM2",5224
56017,"Slc2a8","SLC2A8",29988
56050,"Cyp39a1","CYP39A1",51302
56077,"Dgke","DGKE",8526
56078,"Car5b","CA5B",11238
56174,"Nagk","NAGK",55577
56185,"Hao2","HAO2",51179
56189,"Prodh2","PRODH2",58510
56219,"Extl1","EXTL1",2134
56248,"Ak3","AK3",50808
56315,"Rhcg","RHCG",51458
56318,"Acpp","ACPP",55
56336,"B4galt5","B4GALT5",9334
56348,"Hsd17b12","HSD17B12",51144
56351,"Ptges3","PTGES3",10728
56356,"Gltp","GLTP",51228
56357,"Ivd","IVD",3712
56362,"Sult1b1","SULT1B1",27284
56375,"B4galt4","B4GALT4",8702
56386,"B4galt6","B4GALT6",9331
56421,"Pfkp","PFKP",5214
56451,"Suclg1","SUCLG1",8802
56454,"Aldh18a1","ALDH18A1",5832
56473,"Fads2","FADS2",9415
56485,"Slc2a5","SLC2A5",6518
56520,"Nme4","NME4",4833
56529,"Sec11a","SEC11A",23478
56632,"Sphk2","SPHK2",56848
56690,"Mlycd","MLYCD",23417
56720,"Tdo2","TDO2",6999
56727,"Miox","MIOX",55586
56749,"Dhodh","DHODH",1723
56752,"Aldh9a1","ALDH9A1",223
56773,"Chst5","CHST6",4166
56774,"Slc6a14","SLC6A14",11254
56794,"Hacl1","HACL1",26061
56847,"Aldh1a3","ALDH1A3",220
57028,"Pdxp","PDXP",57026
57138,"Slc12a5","SLC12A5",57468
57274,"Slc16a8","SLC16A8",23539
57279,"Slc25a20","SLC25A20",788
57370,"B4galt3","B4GALT3",8703
57394,"Tmem27","TMEM27",57393
57423,"Atp5j2","ATP5J2",9551
57738,"Slc15a2","SLC15A2",6565
57813,"Tk2","TK2",7084
57874,"Ptplad1","PTPLAD1",51495
58176,"Rhbg","RHBG",57127
58193,"Extl2","EXTL2",2135
58246,"Slc35b4","SLC35B4",84912
58807,"Slco1c1","SLCO1C1",53919
58810,"Akr1a1","AKR1A1",10327
58865,"Tdh",NA,NA
58875,"Hibadh","HIBADH",11112
58994,"Smpd3","SMPD3",55512
59012,"Moxd1","MOXD1",26002
59027,"Nampt","NAMPT",10135
59033,"Slc4a8","SLC4A8",9498
59045,"Stard3","STARD3",10948
595136,"Ndufs5","NDUFS5",4725
60525,"Acss2","ACSS2",55902
60527,"Fads3","FADS3",3995
60596,"Gucy1a3","GUCY1A3",2982
621603,"Aldh3b2",NA,NA
622127,"Cyp3a57",NA,NA
625249,"Gpx4","GPX4",2879
628779,"Hs3st4","HS3ST4",9951
631304,"Cyp4f40","CYP4F11",57834
63828,"Fn3k","FN3K",64122
63959,"Slc29a1","SLC29A1",2030
63993,"Slc5a7","SLC5A7",60482
64008,"Aqp9","AQP9",366
64292,"Ptges","PTGES",9536
64385,"Cyp4f14","CYP4F12",66002
64436,"Inpp5e","INPP5E",56623
64580,"Ndst4","NDST4",64579
64602,"Ireb2","IREB2",3658
64705,"Dpys","DPYS",1807
64707,"Suv39h2","SUV39H2",79723
64898,"Lpin2","LPIN2",9663
64899,"Lpin3","LPIN3",64900
64918,"Bhmt2","BHMT2",23743
654821,"Gcnt7","GCNT7",140687
66043,"Atp5d","ATP5D",513
66046,"Ndufb5","NDUFB5",4711
66052,"Sdhc","SDHC",6391
66054,"Cndp2","CNDP2",55748
66065,"Hsd17b14","HSD17B14",51171
66091,"Ndufa3","NDUFA3",4696
66108,"Ndufa9","NDUFA9",4704
66142,"Cox7b","COX7B",1349
66144,"Atp6v1f","ATP6V1F",9296
66152,"Uqcr10","UQCR10",29796
66171,"Pgls","PGLS",25796
66190,"Acer3","ACER3",55331
66194,"Pycrl","PYCRL",65263
66204,"Acyp1","ACYP1",97
66218,"Ndufb9","NDUFB9",4715
66234,"Sc4mol","MSMO1",6307
66237,"Atp6v1g2","ATP6V1G2",534
66248,"Alg5","ALG5",29880
66286,"Sec11c","SEC11C",90701
66290,"Atp6v1g1","ATP6V1G1",9550
66335,"Atp6v1c1","ATP6V1C1",528
66350,"Pla2g12a","PLA2G12A",81579
66355,"Gmpr","GMPR",2766
66377,"Ndufc1","NDUFC1",4717
66411,"Tbcb","TBCB",1155
66414,"Ndufa12","NDUFA12",55967
66416,"Ndufa7","NDUFA7",4701
66422,"Dctpp1","DCTPP1",79077
66435,"Uggt2","UGGT2",55757
66445,"Cyc1","CYC1",1537
66454,"Nmnat1","NMNAT1",64802
66461,"Ptpmt1","PTPMT1",114971
66495,"Ndufb3","NDUFB3",4709
66514,"Asrgl1","ASRGL1",80150
665563,"Mthfd2l","MTHFD2L",441024
66576,"Uqcrh","UQCRHL",440567
66586,"Crls1","CRLS1",54675
66588,"Cmpk1","CMPK1",51727
66594,"Uqcr11","UQCR11",10975
666168,"Cyp4a31","CYP4A11",1579
66624,"Spcs2","SPCS2",9789
66646,"Rpe","RPE",6120
66659,"Acp6","ACP6",51205
66681,"Pgm1","PGM2",55276
66694,"Uqcrfs1","UQCRFS1",7386
667034,"Pnp2","PNP",4860
66775,"Ptplad2","PTPLAD2",401494
66812,"Ppcdc","PPCDC",60490
66834,"Acot13","ACOT13",55856
66841,"Etfdh","ETFDH",2110
66853,"Pnpla2","PNPLA2",57104
66865,"Pmpca","PMPCA",23203
66885,"Acadsb","ACADSB",36
66902,"Mtap","MTAP",4507
66916,"Ndufb7","NDUFB7",4713
66925,"Sdhd","SDHD",6392
66945,"Sdha","SDHA",6389
66948,"Acad8","ACAD8",27034
67003,"Uqcrc2","UQCRC2",7385
67041,"Oxct1","OXCT1",5019
67044,"Higd2a","HIGD2A",192286
67053,"Rpp14","RPP14",11102
67054,"Paics","PAICS",10606
67092,"Gatm","GATM",2628
67115,"Rpl14","RPL14",9045
67126,"Atp5f1e","ATP5F1E",514
67130,"Ndufa6","NDUFA6",4700
67184,"Ndufa13","NDUFA13",51079
67216,"Mboat2","MBOAT2",129642
67260,"Cers4","CERS4",79603
67264,"Ndufb8","NDUFB8",4714
67273,"Ndufa10","NDUFA10",4705
67283,"Slc25a19","SLC25A19",60386
67305,"Gpx7","GPX7",2882
67311,"Nanp","NANP",140838
67375,"Qprt","QPRT",23475
67460,"Decr1","DECR1",1666
67464,"Entpd4","ENTPD4",9583
67469,"Abhd5","ABHD5",51099
67470,"Abcg8","ABCG8",64241
67512,"Agpat2","AGPAT2",10555
67530,"Uqcrb","UQCRB",7381
67555,"4933434I20Rik","LOC152586",152586
67556,"Pigm","PIGM",93183
67569,"Mgat4c","MGAT4C",25834
67582,"Slc25a26","SLC25A26",115286
67680,"Sdhb","SDHB",6390
67689,"Aldh3b1","ALDH3B1",221
67712,"Slc25a37","SLC25A37",51312
67717,"Lipf","LIPF",8513
67758,"Aadac","AADAC",13
67760,"Slc38a2","SLC38A2",54407
67800,"Dgat2","DGAT2",84649
67821,"Atp1b4","ATP1B4",23439
67834,"Idh3a","IDH3A",3419
67861,"Akr1b10",NA,NA
67863,"Slc25a11","SLC25A11",8402
67870,"Enoph1","ENOPH1",58478
67880,"Dcxr","DCXR",51181
67881,"Mdp1","MDP1",145553
67883,"Uxs1","UXS1",80146
67895,"Ppa1","PPA1",5464
67909,"Galntl5","GALNTL5",168391
67916,"Ppap2b","PPAP2B",8613
67942,"Atp5g2","ATP5G2",517
67956,"Setd8","SETD8",387893
67972,"Atp2b1","ATP2B1",490
67980,"Gnpda2","GNPDA2",132789
67993,"Nudt12","NUDT12",83594
68018,"Col4a3bp","COL4A3BP",10087
68055,"Atp5s","ATP5S",27109
68133,"Gcsh","GCSH",2653
68194,"Ndufb4","NDUFB4",4710
68197,"Ndufc2","NDUFC2",4718
68198,"Ndufb2","NDUFB2",4708
68202,"Ndufa5","NDUFA5",4698
68262,"Agpat4","AGPAT4",56895
68263,"Pdhb","PDHB",5162
68267,"Slc25a22","SLC25A22",79751
68273,"Pomgnt1","POMGNT1",55624
68292,"Stt3b","STT3B",201595
68342,"Ndufb10","NDUFB10",4716
68349,"Ndufs3","NDUFS3",4722
68375,"Ndufa8","NDUFA8",4702
68393,"Mogat1","MOGAT1",116255
68401,"G6pc3","G6PC3",92579
68556,"Uckl1","UCKL1",54963
68603,"Pmvk","PMVK",10654
68671,"Pcyt2","PCYT2",5833
68738,"Acss1","ACSS1",84532
68775,"Atp6v1c2","ATP6V1C2",245973
68801,"Elovl5","ELOVL5",60481
68977,"Haghl","HAGHL",84264
69019,"Spcs1","SPCS1",28972
69051,"Pycr2","PYCR2",29920
69060,"Pnlip","PNLIP",5406
69083,"Sult1c2","SULT1C2",6819
69156,"Comtd1","COMTD1",118881
69188,"Kmt2e","KMT2E",55904
69215,"Sat2","SAT2",112483
69354,"Slc38a4","SLC38A4",55089
69367,"Glrx2","GLRX2",51022
69519,"Rwdd2a","RWDD2A",112611
69590,"Gpx8","GPX8",493869
69634,"Clybl","CLYBL",171425
69675,"Pxdn","PXDN",7837
69698,"Slc52a3","SLC52A3",113278
69719,"Cad","CAD",790
69726,"Smyd3","SMYD3",64754
69772,"Bdh2","BDH2",56898
69875,"Ndufa11","NDUFA11",126328
69888,"Cyp2c66","CYP2C9",1559
69923,"Agk","AGK",55750
69976,"Galk2","GALK2",2585
69983,"Sis","SI",6476
70008,"Ace2","ACE2",59272
70025,"Acot7","ACOT7",11332
70059,"Degs2","DEGS2",123099
70061,"Sdr9c7","SDR9C7",121214
70266,"Ccbl1","CCBL1",883
70316,"Ndufab1","NDUFAB1",4706
70456,"Mpc2","MPC2",25874
70484,"Slc35d2","SLC35D2",11046
70503,"Ddo","DDO",8528
70750,"Kdsr","KDSR",2531
70757,"Ptplb","PTPLB",201562
70789,"Kynu","KYNU",8942
70881,"Nt5c1b","NT5C1B",93034
71147,"Oxsm","OXSM",54995
71279,"Slc29a3","SLC29A3",55315
71336,"Rbks","RBKS",64080
71412,"Dhrs2","DHRS2",10202
71522,"Ggt6","GGT6",124975
71562,"Afmid","AFMID",125061
71679,"Atp5h","ATP5H",10476
71685,"Galnt14","GALNT14",79623
71743,"Coasy","COASY",80347
71760,"Etnppl","ETNPPL",64850
71761,"Amdhd1","AMDHD1",144193
71780,"Isyna1","ISYNA1",51477
71803,"Slc25a18","SLC25A18",83733
71854,"Dpep3","DPEP3",64180
71910,"Ppapdc1b","PPAPDC1B",84513
71934,"Car13","CA13",377677
71949,"Cers5","CERS5",91012
72017,"Cyb5r1","CYB5R1",51706
72039,"Mccc1","MCCC1",56922
72054,"Cyp4f18","CYP4F2",8529
72077,"Gcnt3","GCNT3",9245
72090,"Entpd8","ENTPD8",377841
72102,"Dusp11","DUSP11",8446
72157,"Pgm2","PGM1",5236
72269,"Cda","CDA",978
72297,"B3gnt3","B3GNT3",10331
72303,"Cyp2c65","CYP2C9",1559
72401,"Slc43a1","SLC43A1",8501
72469,"Plcd3","PLCD3",113026
72472,"Slc16a10","SLC16A10",117247
72535,"Aldh1b1","ALDH1B1",219
72727,"B3gat3","B3GAT3",26229
72900,"Ndufv2","NDUFV2",4729
72961,"Slc17a7","SLC17A7",57030
73068,"Fut11","FUT11",170384
73132,"Slc25a16","SLC25A16",8034
73166,"Tm7sf2","TM7SF2",7108
73251,"Setd7","SETD7",80854
73333,"Slc25a31","SLC25A31",83447
73458,"Aldh3b3",NA,NA
73649,"Cybrd1","CYBRD1",79901
73834,"Atp6v1d","ATP6V1D",51382
73836,"Slc35b2","SLC35B2",347734
74011,"Slc25a27","SLC25A27",9481
74032,"Sdr42e1","SDR42E1",93517
74035,"Nol9","NOL9",79707
74055,"Plce1","PLCE1",51196
74080,"Nmnat3","NMNAT3",349565
74104,"Abcb6","ABCB6",10058
74114,"Crot","CROT",54677
74129,"Dmgdh","DMGDH",29958
74147,"Ehhadh","EHHADH",1962
74156,"Acot12","ACOT12",134526
74182,"Gpcpd1","GPCPD1",56261
74185,"Gbe1","GBE1",2632
74205,"Acsl3","ACSL3",2181
74241,"Chpf","CHPF",79586
74246,"Gale","GALE",2582
74302,"Mtmr3","MTMR3",8897
74338,"Slc6a19","SLC6A19",340024
74411,"Ppapdc2","PPAPDC2",403313
74419,"Tktl2","TKTL2",84076
74442,"Sgms2","SGMS2",166929
74450,"Pank2","PANK2",80025
74451,"Pgs1","PGS1",9489
74551,"Pck2","PCK2",5106
74559,"Elovl7","ELOVL7",79993
74577,"Glb1l","GLB1L",79411
74596,"Cds1","CDS1",1040
74729,"Setmar","SETMAR",6419
74754,"Dhcr24","DHCR24",1718
74769,"Pik3cb","PIK3CB",5291
74776,"Ppa2","PPA2",27068
74782,"Glt8d2","GLT8D2",83468
74915,"Atp6v1e2","ATP6V1E2",90423
75320,"Etnk1","ETNK1",55500
75406,"Ndufs7","NDUFS7",374291
75410,"Kmt2b","KMT2B",9757
75454,"Phpt1","PHPT1",29085
75475,"Oplah","OPLAH",26873
75483,"Cox8c","COX8C",341947
75497,"Fabp12","FABP12",646486
75512,"Gpx6","GPX6",257202
75572,"Acyp2","ACYP2",98
75578,"Fggy","FGGY",55277
75612,"Gns","GNS",2799
75735,"Pank1","PANK1",53354
75750,"Slc10a6","SLC10A6",345274
75769,"4833424O15Rik","LPPR5",163404
76025,"Cant1","CANT1",124583
76051,"Ganc","GANC",2595
76113,"Lpo","LPO",4025
76187,"Adhfe1","ADHFE1",137872
76238,"Grhpr","GRHPR",9380
76257,"Slc38a3","SLC38A3",10991
76267,"Fads1","FADS1",3992
76282,"Gpt","GPT",2875
76376,"Slc24a2","SLC24A2",25769
76408,"Abcc3","ABCC3",8714
76429,"Lhpp","LHPP",64077
76459,"Car12","CA12",771
76485,"Glt8d1","GLT8D1",55830
76500,"Ip6k2","IP6K2",51447
76507,"Aoc1","AOC1",26
76654,"Upp2","UPP2",151531
76668,"Mdh1b","MDH1B",130752
76687,"Spcs3","SPCS3",60559
76722,"Ckmt2","CKMT2",1160
76893,"Cers2","CERS2",29956
76898,"B3gat1","B3GAT1",27087
76952,"Nt5c2","NT5C2",22978
76969,"Chst1","CHST1",8534
77116,"Mtmr2","MTMR2",8898
77337,"Akr1c21","AKR1C1",1645
77559,"Agl","AGL",178
77626,"Smpd4","SMPD4",55627
77683,"Ehmt1","EHMT1",79813
77974,"Rdh12","RDH12",145226
78038,"Mccc2","MCCC2",64087
78070,"Cpt1c","CPT1C",126129
78174,"Cox7b2","COX7B2",170712
78330,"Ndufv3","NDUFV3",4731
78600,"Pde6h","PDE6H",5149
78752,"Csgalnact2","CSGALNACT2",55454
78754,"Galnt15","GALNT15",117248
78801,"Ak7","AK7",122481
78830,"Slc25a12","SLC25A12",8604
78894,"Aacs","AACS",65985
78914,"Nadsyn1","NADSYN1",55191
78920,"Dlst","DLST",1743
78923,"Chsy3","CHSY3",337876
78925,"Srd5a1","SRD5A1",6715
79059,"Nme3","NME3",4832
791260,"Tomt","LRTOMT",220074
79235,"Lrat","LRAT",9227
80286,"Tusc3","TUSC3",7991
80707,"Wwox","WWOX",51741
80721,"Slc19a3","SLC19A3",80704
80879,"Slc16a3","SLC16A3",9123
80911,"Acox3","ACOX3",8310
80914,"Uck2","UCK2",7371
81535,"Sgpp1","SGPP1",81537
83398,"Ndst3","NDST3",9348
83493,"Sacm1l","SACM1L",22908
83553,"Tktl1","TKTL1",8277
83603,"Elovl4","ELOVL4",6785
83702,"Akr1c6","AKR1C4",1109
83885,"Slc25a2",NA,NA
84095,"Pi4k2a","PI4K2A",55361
84505,"Setdb1","SETDB1",9869
84682,"Cox4i2","COX4I2",84701
93683,"Glce","GLCE",26035
93692,"Glrx","GLRX",2745
93732,"Acox2","ACOX2",8309
93747,"Echs1","ECHS1",1892
93898,"Cers1","CERS1",10715
93961,"B3galt5","B3GALT5",10317
94180,"Acsbg1","ACSBG1",23205
94181,"Nans","NANS",54187
94192,"C1galt1","C1GALT1",56913
94224,"Srd5a2","SRD5A2",6716
94229,"Slc4a10","SLC4A10",57282
94249,"Slc24a3","SLC24A3",57419
94284,"Ugt1a6a","UGT1A6",54578
96979,"Ptges2","PTGES2",80142
97212,"Hadha","HADHA",3030
97287,"Mtmr14","MTMR14",64419
97440,"B3gnt9","B3GNT9",84752
97884,"B3galnt2","B3GALNT2",148789
98256,"Kmo","KMO",8564
98660,"Atp1a2","ATP1A2",477
98711,"Rdh10","RDH10",157506
99439,"Duox1","DUOX1",53905
99586,"Dpyd","DPYD",1806
99712,"Cept1","CEPT1",10390
