mCADRE_brain_genes,rFASTACOROMICS_brain_genes,CORDA_brain_genes,ftINIT_brain_genes
100040843,100039707,11754,100039707
100041585,100040843,76507,100040843
100042025,100041375,237940,100041375
100043456,100041449,231691,100041449
100043684,100041585,20887,100041585
100043686,100042025,217593,100042025
100043688,100043456,106557,100043456
100198,100043684,16833,100043684
100417514,100043686,54122,100043686
100503991,100043688,16832,100043688
100559,100163,16828,100163
100678,100198,80879,100198
100705,100417514,20503,100328588
100727,100503991,20501,100417514
100862375,100678,232156,100503895
100910,100705,54403,100503991
101488,100862375,18293,100559
101490,100910,13382,100678
101502,101488,27402,100705
101744,101490,78920,100727
102247,101502,100417514,100862375
102294,101744,26876,100910
102632,102247,11522,101488
103142,102294,11529,101490
103149,102632,11532,101502
103199,102857,76187,101744
103466,103142,12846,102247
103850,103199,72472,102294
103988,103466,11670,102448
104015,103711,73458,102570
104086,103850,621603,102632
104110,103988,56847,102680
104111,104015,67689,103142
104174,104086,15445,103149
104418,104110,268860,103199
104759,104111,70750,103466
104776,104112,52430,103711
104923,104174,23923,103850
105014,104418,70266,103988
105243,104759,13195,104015
105446,104776,17161,104086
105727,104923,109731,104110
106407,105014,50799,104111
106529,105243,78830,104158
106557,105349,246277,104174
106564,105446,14415,104245
106648,105663,14417,104418
107029,106529,14718,104759
107146,106557,14719,104776
107272,106564,212647,104816
107476,106648,17250,105014
107569,107029,20859,105243
107585,107146,629219,105349
107605,107239,434264,105355
107650,107272,629203,105446
107652,107476,434121,105663
107723,107569,20509,105727
107747,107585,11761,106407
107823,107605,110877,106529
107895,107650,214084,106557
108037,107652,14275,106564
108083,107723,14276,106648
108096,107747,17159,107029
108105,107823,239559,107146
108115,107869,333424,107239
108116,107885,80908,107272
108147,107895,215335,107476
108148,108037,232333,107569
108150,108052,243616,107585
108155,108083,14412,107605
108156,108096,14411,107626
108645,108105,110446,107650
108682,108114,231086,107652
108841,108115,52538,107723
108902,108116,97212,107747
109136,108147,224530,107766
109264,108148,110460,107823
109652,108150,235674,107869
109674,108155,100705,107885
109685,108156,11416,107895
109731,108645,68738,108037
109778,108682,380660,108052
109785,108841,54342,108083
109857,108902,56174,108096
109900,109264,109785,108105
109959,109342,327942,108114
110006,109652,11423,108115
110074,109674,104112,108116
110078,109685,94181,108147
110095,109697,235504,108148
110119,109731,67311,108150
110147,109754,11433,108155
110173,109778,66659,108156
110175,109785,66885,108645
110196,109801,11364,108682
110197,109857,11409,108841
110198,109900,102632,108902
110208,109959,66948,109136
110323,110006,229211,109264
110385,110074,56357,109342
110391,110078,74156,109652
110417,110095,11430,109674
110446,110119,109652,109685
110460,110147,11429,109697
110524,110173,11428,109731
110639,110175,93732,109754
110695,110196,11431,109778
110826,110197,56318,109785
110842,110198,57279,109791
110855,110208,60525,109857
110877,110323,78894,109900
110895,110385,13106,109959
110911,110391,11486,110006
110948,110417,13340,110078
111175,110446,11639,110095
112417,110460,11637,110115
11303,110524,229949,110147
11363,110639,56248,110173
11364,110695,11702,110175
11370,110826,100041585,110196
11409,110842,11512,110197
11416,110855,271639,110198
11423,110891,104111,110208
11428,110893,11514,110323
11429,110895,210044,110385
11430,110911,11513,110391
114304,110948,432530,110417
11431,111175,104110,110446
11432,11303,11515,110460
11433,11363,224129,110524
114479,11364,63959,110611
114644,11370,114304,110639
114663,11409,71279,110695
114664,11416,53893,110826
11486,11421,12494,110842
114875,11423,12895,110855
11512,11428,78070,110877
11513,11429,12894,110891
11514,11430,12896,110893
11515,114304,23972,110895
11522,11431,23971,110911
11529,11432,11564,110948
11532,11433,231727,111175
11564,114479,53625,112417
11565,114644,108902,11298
11566,114663,210004,11303
11593,114664,232984,11304
11611,11484,227327,11363
11636,114875,72297,11364
11637,11512,67512,11370
11639,11513,102247,11409
11648,11514,68262,11416
11655,11515,28169,11421
11656,11522,52123,11423
11666,11529,55979,11428
11668,11532,67216,11429
11669,11534,268782,11430
11670,11564,71760,114304
11671,11565,11611,11431
11674,11566,15211,11432
11676,11593,15212,11433
11677,11605,67054,114479
11684,11611,67863,114644
11687,11636,27376,114663
11688,11637,114644,114664
11689,11639,77337,11484
116914,11647,83702,11486
116939,11648,208665,114863
11702,11650,20514,114875
117147,11655,55963,11512
117150,11656,53896,11513
11717,11666,17254,11514
11720,11668,11656,11515
11722,11669,26912,11522
11754,11670,11655,11529
11757,11671,67760,11532
11758,11674,11988,11564
117591,11676,56774,11565
117592,11677,11987,11566
11761,11684,105727,11593
11770,11687,69354,11605
11821,11688,11989,11611
11826,116939,74338,11628
11827,11702,57394,11636
11829,117150,70008,11637
11830,11717,76282,11639
11833,11720,108682,11647
11847,11722,209837,11648
11881,11754,76257,11650
11886,11757,225791,11655
11898,11758,58810,11656
11928,117591,11668,11666
11931,117592,19378,11668
11932,11770,110695,11669
11933,11821,56752,11670
11941,11826,11671,11671
11980,11827,72535,11674
11982,11828,11669,11676
11987,11829,11688,11677
11988,11830,11687,11684
11989,11832,11689,11687
11992,11833,110198,11688
12012,11881,11677,11689
12035,11883,17117,116914
12039,11886,67582,116939
12040,11898,109674,11702
12091,11941,229665,117147
12140,11980,11717,117150
12183,11982,16790,11717
12215,11987,109959,11720
12319,11988,100043688,11722
12346,11989,100043684,11739
12349,11992,100043686,11740
12350,12012,11722,11754
12351,12035,20532,11757
12352,12036,30962,11758
12353,12038,26459,117591
12354,12039,242669,117592
12359,12040,330836,11761
12408,12091,11847,11770
12411,12116,11898,11826
12491,12140,83885,11827
12495,12183,18408,11828
12496,12215,11883,11829
12497,12319,11886,11830
12499,12346,54338,11832
12583,12349,20522,11833
12613,12350,66514,11846
12642,12351,27053,11847
12647,12352,69719,11881
12651,12353,20513,11883
12660,12354,20510,11886
12686,12359,20512,11928
12716,12408,20511,11931
12735,12411,242607,11932
12751,12491,12496,11933
12764,12494,12495,11941
12780,12495,215446,11944
12846,12496,12497,11945
12850,12497,12499,11946
12857,12499,72090,11947
12858,12583,11739,11949
12859,12613,11740,11950
12861,12642,73333,11951
12862,12647,110173,11957
12864,12651,26879,11958
12866,12660,54218,11980
12867,12686,93961,11982
12868,12709,108105,11987
12892,12715,12012,11988
12894,12716,110948,11989
12895,12735,22348,12012
12896,12764,170442,12036
12908,12780,71911,12038
12934,12799,64918,12039
12974,12846,12116,12040
13016,12850,101488,12091
13026,12857,12780,12116
13070,12858,76408,12140
13074,12859,28253,12183
13075,12861,233016,12215
13106,12862,109778,12319
13116,12864,55981,12346
13117,12865,23827,12349
13121,12866,26363,12350
13122,12867,330064,12351
13124,12868,80721,12352
13139,12870,103149,12353
13166,12892,73166,12354
13167,12894,18194,12408
13171,12895,15488,12411
13177,12896,66234,12491
13178,12908,320707,12494
13195,12934,11941,12495
13244,12974,67972,12496
13340,13016,381290,12497
13350,13026,12359,12499
13358,13070,110893,12583
13360,13074,20541,12613
13361,13075,110891,12638
13370,13076,109136,12642
13371,13077,14377,12647
13382,13078,14378,12651
13479,13086,68401,12660
13480,13087,227231,12686
13481,13088,12408,12709
13595,13095,52858,12715
13806,13097,74596,12716
13807,13098,110911,12735
13808,13106,99712,12751
13885,13107,212862,12764
14042,13110,223753,12780
14043,13112,68018,12799
140483,13113,57738,12846
14077,13114,12647,12850
14079,13116,237928,12857
14080,13117,13026,12858
14081,13120,236899,12859
14085,13121,108096,12861
140919,13122,27413,12862
14104,13123,218865,12864
14120,13124,12651,12865
14121,13139,12660,12866
14137,13166,63993,12867
14151,13167,20518,12868
14187,13171,20520,12870
14194,13177,54200,12892
14245,13178,59045,12894
14275,13180,11303,12895
14276,13195,81600,12896
14287,13244,67729,12908
14343,13340,71884,12934
14345,13350,20500,12974
14347,13358,13358,13016
14348,13360,12716,13026
14377,13370,76722,13070
14378,13371,12709,13072
14381,13382,12715,13074
14385,13480,23985,13075
14387,13481,171429,13076
14411,13487,66586,13077
14412,13521,24060,13078
14415,13595,12764,13079
14417,13806,73132,13081
14420,13807,436059,13086
14421,13808,230027,13087
14422,13850,217707,13088
14423,13861,12850,13095
14425,13885,72077,13097
14426,14042,14537,13098
14430,14043,218476,13106
14431,140483,272411,13107
14433,14077,102857,13110
14447,14079,12908,13112
14450,14080,30805,13113
14466,14081,12974,13114
14528,14085,74114,13115
14537,14104,20539,13116
14544,14120,50934,13117
14555,14121,12583,13120
14571,14137,215113,13121
14590,14151,26570,13122
14593,14187,72269,13123
14595,14194,11628,13124
14598,14245,80914,13139
14629,14287,22245,13142
14630,14319,66588,13162
14635,14325,22169,13166
14645,14343,320127,13167
14651,14344,217480,13171
14660,14345,104418,13177
14661,14347,380921,13178
14664,14348,110197,13180
14667,14377,227333,13190
14718,14378,13139,13195
14719,14381,56077,13244
14731,14385,110524,13340
14732,14387,13142,13350
14751,14411,93692,13358
14755,14412,69367,13360
14775,14415,70503,13361
14776,14417,13177,13370
14778,14420,23986,13371
14780,14421,13178,13382
14782,14422,20249,13479
14854,14423,56473,13480
14874,14425,76267,13481
14913,14426,13350,13487
14917,14430,67800,13521
14919,14431,27369,13595
14923,14433,20527,13806
14936,14447,20525,13807
14979,14450,20528,13808
15107,14528,74754,13850
15108,14537,13122,13861
15112,14538,13360,13885
15116,14544,13244,13909
15117,14555,70059,14042
15118,14571,20860,14043
15186,14583,56749,140483
15203,14584,64705,14077
15211,14590,22240,14079
15212,14593,12934,14080
15233,14595,57274,14081
15275,14598,110196,14085
15277,14626,74129,140919
15288,14629,67283,14120
15356,14630,380959,14121
15357,14635,68563,14137
15360,14645,13481,14151
15368,14651,13480,14187
15369,14660,59012,14194
15445,14661,13166,14204
15450,14664,22173,14245
15452,14667,20538,142681
15476,14718,13162,14275
15478,14719,20519,14276
15484,14731,12183,14287
15485,14732,18648,14317
15486,14751,56012,14319
15488,14755,192156,14325
15490,14775,232449,14343
15492,14776,99586,14344
15493,14778,21877,14345
15494,14780,57813,14347
15495,14782,110074,14348
15496,14854,16434,14377
15497,14874,13595,14378
15531,14913,93747,14381
15926,14917,11992,14385
15929,14919,51798,14387
15931,14923,74147,14411
15932,14933,26458,14412
16204,14936,108115,14415
16329,14979,58807,14417
16330,15107,239273,14420
16331,15108,108116,14421
16332,15112,110826,14422
16430,15186,110842,14423
16434,15211,66841,14425
16514,15212,75320,14426
16523,15233,214253,14430
16548,15275,75540,14431
16592,15277,435766,14433
16770,15288,74205,14447
16816,15356,50790,14450
16828,15357,14081,14466
16832,15360,433256,14528
16833,15368,328845,14537
16889,15369,216739,14538
16890,15445,117147,14583
16891,15446,18605,14584
16922,15450,209558,14590
16956,15476,83603,14593
16987,15478,170439,14595
17025,15483,68801,14598
170439,15484,54326,14626
170441,15485,666168,14629
170442,15486,100040843,14630
170716,15488,13117,14635
170718,15490,435802,14645
170768,15492,14104,14651
170789,15493,26457,14660
170835,15494,26569,14661
171167,15495,26568,14664
171168,15496,11674,14667
17117,15497,230163,14711
171210,15531,11676,14718
171212,15926,14121,14719
171281,15929,270198,14731
171282,15931,18639,14732
171405,15932,170768,14751
171429,16204,18640,14755
171567,16329,14120,14775
17159,16330,14151,14776
17161,16331,107747,14778
17250,16332,73649,14780
17252,16430,234730,14782
17254,16434,71562,14854
17330,16514,13361,14863
17339,16523,14287,14874
17423,16548,56017,14913
17436,16592,20526,14917
17449,16770,435818,14919
17711,16816,56485,14923
17768,16828,216188,14933
17855,16832,270685,14936
17919,16833,108156,14979
17939,16889,66848,15107
18010,16890,71665,15108
18102,16891,14085,15109
18103,16922,14194,15112
18125,16956,14343,15116
18126,16987,14348,15117
18127,16993,57370,15118
18160,17001,53418,15186
18174,17025,14595,15203
18193,170439,56336,15211
18194,170441,14571,15212
18242,170442,56454,15233
18263,170716,100198,15275
18293,170718,14381,15277
18399,170768,14385,15288
18408,170789,14431,15356
18416,170835,53897,15357
18451,171167,19025,15368
18452,171168,12091,15369
18477,17117,50917,15445
18478,171210,18010,15446
18563,171212,14420,15450
18573,171281,14421,15452
18574,171282,234356,15476
18575,171405,78752,15478
18576,171429,74241,15483
18577,171567,269941,15484
18578,17159,78923,15485
18582,17161,230145,15486
18583,17250,14423,15487
18584,17252,231605,15488
18585,17254,14426,15490
18587,17330,171212,15492
18588,17339,271786,15493
18605,17423,207839,15494
18618,17436,78754,15495
18624,17448,241391,15496
18639,17449,108148,15497
18640,17523,108150,15531
18641,17708,71685,15567
18642,17709,231050,15926
18648,17710,14425,15929
18655,17711,170441,15930
18663,17768,117592,15931
18669,17769,218271,15932
18670,17855,232714,16204
18675,17919,14450,16329
18700,17939,11593,16330
18701,18010,14466,16331
18704,18102,227671,16332
18705,18103,104776,16430
18706,18104,214579,16434
18707,18125,434437,16548
18708,18126,104174,16591
18709,18127,68133,16592
18710,18160,14538,16770
18711,18193,228368,16790
18717,18194,22122,16816
18718,18242,14590,16828
18719,18263,110175,16832
18720,18293,27357,16833
18770,18399,232493,16889
18778,18408,14936,16890
18780,18451,23887,16891
18782,18452,108037,16922
18783,18472,20425,16956
18784,18475,11605,16987
18795,18476,74185,17001
18796,18477,110006,17025
18797,18534,109685,170439
18798,18563,93683,170441
18799,18573,100910,170442
18802,18574,14042,170716
18803,18575,14043,170718
18805,18576,76898,170768
18806,18577,280645,170789
18807,18578,72727,170835
18946,18582,27419,171167
18947,18583,64580,171168
18950,18584,15531,17117
19012,18585,83398,171210
19025,18587,17423,171212
19044,18588,54616,171281
19063,18597,58193,171282
19125,18598,56219,171405
19139,18605,117591,171429
19156,18606,353169,171567
19211,18618,227659,17159
19215,18639,20537,17161
192156,18640,77559,17228
192166,18641,110078,17229
192185,18642,19309,17250
192195,18648,110095,17252
19224,18655,14629,17254
19225,18663,14630,17339
192289,18669,14661,17423
19286,18670,14317,17448
19299,18675,14660,17449
19309,18700,216456,17523
19378,18701,71803,17708
194908,18704,68267,17709
195646,18705,270076,17710
19682,18706,140919,17711
19683,18707,216227,17768
19765,18708,72961,17769
19879,18709,15112,17850
19895,18710,56185,17855
20133,18711,67092,17919
20135,18717,76238,17939
20148,18718,14933,18010
20216,18719,14626,18102
20229,18720,14651,18103
20249,18770,14664,18104
20280,18778,110208,18113
20322,18780,14711,18115
20397,18782,14732,18125
20425,18783,70325,18126
20441,18784,241062,18127
20442,18795,67556,18145
20443,18796,72084,18160
20444,18797,14782,18173
20446,18798,21672,18193
20447,18799,18477,18194
20448,18802,14776,18195
20449,18803,14775,18242
20454,18805,625249,18293
20493,18806,14778,18399
20494,18807,75512,18408
20498,18946,67305,18416
20499,18947,11757,18451
20501,18950,14854,18452
20502,19012,14598,18472
20503,19025,234889,18475
20509,19044,54195,18476
20510,19063,230103,18477
20511,19125,245650,18478
20512,19139,14917,18534
20513,19156,18160,18563
20514,19210,14919,18573
20515,19211,60596,18574
20516,19215,14544,18575
20517,192156,12352,18576
20518,192166,56078,18577
20519,192185,27392,18578
20520,192195,230801,18582
20522,19224,11833,18583
20523,19225,56703,18584
20524,192289,18701,18585
20525,19286,433931,18587
20526,19299,239827,18588
20527,19309,329777,18597
20528,19378,14731,18598
20532,194908,228812,18605
20533,195646,276846,18606
20535,19682,78928,18618
20536,19683,15108,18639
20537,19703,15107,18640
20544,19879,15118,18641
20597,19895,15116,18642
20598,20133,15117,18648
20603,20135,71883,18655
20652,20148,20535,18663
20655,20229,240215,18669
20656,20249,20533,18670
20698,20280,20536,18675
207151,20322,103988,18700
207182,20397,15277,18701
20751,20425,15275,18704
207728,20441,216019,18705
20773,20442,212032,18706
20775,20443,15233,18707
20778,20444,58875,18708
207839,20445,15186,18709
208043,20446,208715,18710
20810,20447,15360,18711
208211,20448,15356,18717
208266,20449,208982,18718
208449,20452,15368,18719
208665,20454,15369,18720
208715,20463,56794,18746
20887,20495,52815,18770
208982,20496,27029,18778
209027,20498,15483,18780
209039,20499,15484,18782
20917,20501,15485,18783
20927,20502,14979,18784
20928,20503,15486,18795
20937,20509,15490,18796
20975,20510,15497,18797
210004,20511,15492,18798
210044,20512,15496,18799
211347,20513,15494,18802
211429,20515,15493,18803
211488,20516,15495,18805
212032,20517,100043456,18806
212111,20518,101502,18807
212647,20519,57028,18946
212862,20520,15929,18947
21366,20522,170718,18948
21391,20523,67834,18950
214084,20524,15926,19012
214111,20525,269951,19025
214162,20526,22018,19044
214253,20527,15932,19063
214579,20528,12036,19125
214663,20532,72401,19139
215015,20533,239606,19156
215335,20535,53881,19193
215446,20536,319554,19211
216019,20537,320581,19215
216152,20539,216225,192156
216188,20540,56451,192166
216227,20541,20917,192195
216343,20544,20916,19223
216453,20597,20498,19224
216454,20598,20499,19225
216456,20603,107723,192289
216558,20652,57138,19286
21672,20655,16548,19309
216739,20656,236727,19378
217119,20657,77031,194908
217480,20698,98256,195646
217593,207151,226413,19659
217700,207182,11432,19660
217707,20751,16816,19662
218121,207728,171405,19682
218138,20773,207151,19683
218232,20775,236149,19703
218271,207839,236293,19743
218461,208043,319800,19765
218476,20810,434674,19879
218756,208211,327951,19895
21877,208266,64008,20133
21881,208449,106648,20135
21884,20859,16987,20148
219135,20860,18783,20216
21915,208665,12735,20229
21990,208715,19193,20249
21991,20887,16956,20280
22117,208890,15450,20322
22122,208967,12613,20397
22169,208982,116939,20425
22171,209027,23945,20441
22173,209039,237625,20442
22227,20905,235293,20443
22228,20916,16993,20444
22229,20917,17001,20445
22232,20927,66447,20446
22234,20928,211666,20447
22235,20937,14874,20448
22236,209558,14387,20449
22238,20975,72039,20452
22239,209837,78038,20454
22240,210004,56690,20463
22245,210044,246221,20493
22247,211347,17448,20494
22271,211389,17449,20495
22272,211429,107029,20496
22273,211488,17436,20497
22275,211666,109264,20498
22276,212032,15930,20499
22348,212111,13095,20500
22361,212647,13076,20501
223753,212862,13078,20502
223920,21351,13077,20503
224020,21366,11720,20504
224024,214111,108645,20505
224129,214162,232087,20508
224143,214253,238505,20509
22436,214579,17855,20510
224530,214663,16331,20511
224674,215015,104015,20512
225010,215113,16332,20513
225326,215335,170835,20514
225579,215446,16330,20515
225600,216019,64436,20516
225742,216134,212111,20517
225791,216152,16329,20518
225888,216188,228550,20519
226413,216343,233011,20520
226844,216453,320404,20521
226999,216454,71780,20522
227095,216456,269180,20523
227120,216558,234515,20525
227231,21672,76051,20526
227327,216739,73724,20527
227333,217119,17850,20528
227399,217480,68393,20531
227620,217700,233549,20532
227659,217707,66902,20533
227671,217837,17768,20535
227721,218121,94192,20536
227733,218138,11484,20537
228368,21823,71670,20538
228550,218232,17939,20540
228677,218271,59033,20541
228812,218461,94229,20544
229211,218476,114479,20597
229665,218756,11931,20598
229709,21877,232975,20652
229782,21881,98660,20655
229791,21884,67821,20656
229949,218865,11933,20657
230027,219135,11928,20698
230099,21915,27222,207151
230103,21990,11932,207182
230145,21991,20544,20751
230163,22018,105243,207728
230379,22117,226999,20773
230718,22122,338403,20775
230801,22169,66054,20778
231050,22227,238384,207839
231051,22228,94249,208043
231086,22229,214111,20810
231327,22232,76376,208211
231396,22234,76025,208266
231605,22235,66422,208449
231691,22236,67464,20859
231727,22239,100862375,20860
231871,22240,21915,208665
232087,22245,79059,208715
232156,22247,18103,20887
232333,22271,18102,208890
232449,22272,54369,208967
232493,22273,171567,20897
232714,22275,56520,208982
232811,22276,20495,209027
232975,22361,20496,209039
232984,223753,74080,20905
233011,223920,66454,20916
233016,224020,226518,20917
233781,224024,59027,209176
233799,224129,18113,20937
233801,224143,18948,209558
233904,22436,18127,20975
234129,224530,18125,209837
234135,224661,18126,210004
234309,224674,667034,210044
234356,225010,18950,211347
234515,225326,20517,211389
234724,225579,20445,211429
234730,225600,50773,211488
234779,225742,18675,211666
234889,225791,103850,212032
234967,225888,23959,212111
235033,225913,69983,212647
235044,226413,18416,212862
235293,226518,67041,212974
235504,226999,353371,21351
235534,227095,13171,21366
235582,227120,12040,21391
235626,227327,12039,214084
235674,227333,75475,214111
236149,227399,18242,214162
236293,227620,22247,214253
236539,227659,13521,214579
236899,227671,231583,214593
237523,227721,13487,214663
237625,227733,13070,215015
237636,228368,13074,215113
237823,228550,13075,215335
237831,228677,56388,215446
237940,228812,13113,216019
238011,229211,13114,216134
238023,229363,337924,216152
238024,229665,13112,216188
23827,229709,100041449,216225
23831,229782,622127,216227
238384,229791,100041375,216343
238505,229949,13079,216453
23887,230027,104086,216454
238871,230099,13086,216456
23900,230101,13087,21672
23908,230103,72082,216739
239122,230145,13097,217119
23917,230163,13098,217214
23918,230379,69888,217480
23923,230612,72303,217593
239273,230718,56448,217700
239559,230801,13107,217707
23956,231050,56050,218103
23959,231051,53973,218121
23971,231086,13116,218138
23972,231327,64385,21823
239827,231583,170716,218232
23984,231605,72054,218271
23986,231691,13123,218461
240215,231727,13124,218476
240332,231871,209027,218756
24059,232087,100163,21877
24060,232156,18475,21881
240752,232333,18476,21884
241062,232449,18472,218865
241159,232493,27226,219135
241391,232680,73836,21915
241447,232714,11982,21990
241452,232811,18806,21991
241489,232984,18805,22018
242202,233011,18563,22117
242285,233016,18670,22122
242585,233781,54611,22169
242607,233836,18578,22171
243078,233904,18584,22173
243085,234129,18574,22178
243616,234135,18583,22227
245650,234309,110385,22228
246049,234356,18575,22229
246221,234515,238871,22232
246277,234724,18573,22235
246696,234730,18576,22236
26357,234779,23984,22238
26363,234889,18577,22240
26378,234967,207728,22245
26384,235033,29863,22247
26457,235044,241489,22262
26458,235293,218461,22271
26459,235339,110855,22272
26462,235504,18585,22273
26464,235534,242202,22275
26565,235582,225600,22276
26568,235626,18587,22361
26569,235674,78600,223646
266744,236149,18582,223920
268510,236293,18588,224020
268656,236539,18598,224024
26874,236899,68263,224129
26876,237523,235339,224143
26877,237625,18597,22436
26878,237823,103711,224530
26879,237831,11980,224661
268860,237940,18534,224674
26887,238011,74551,225010
269060,238023,80911,225326
26912,238024,68671,225579
269180,23827,18618,225600
26922,23831,236539,225742
269378,238384,19215,225791
26938,238505,54486,225888
269437,23887,96979,225913
269614,238871,64292,22598
269615,23900,19223,225994
26970,23908,66461,226413
26971,239122,74451,226518
269941,23917,19225,226999
269951,23918,19224,227095
270076,23923,234724,227120
270198,239273,18478,227231
27029,23945,16922,227327
27053,239559,19211,227333
270685,23956,20975,227399
271424,23959,18720,227620
271639,239606,18717,227659
271786,23971,18719,227671
27222,23972,84095,227721
27226,239827,224020,227733
272411,23984,107650,22782
272428,23986,74769,228033
27357,240215,18708,228368
27369,240332,18707,228550
27376,24059,18710,228677
27388,24060,18709,228812
27392,240752,18706,229211
27399,241062,23900,229363
27400,241159,30955,229665
27402,241391,320207,229709
27413,241447,320634,229782
27416,241452,18795,229791
27419,241489,234779,229949
276846,241612,269615,230027
277973,242202,72469,230099
28042,242285,114875,230103
280645,242585,18802,230145
28169,242607,18796,230163
28200,243078,18803,230379
28253,243328,74055,230612
29858,243616,18799,230718
29863,243755,18798,230801
30805,245650,18797,231050
30955,245847,227120,231051
30956,246049,433022,231086
30962,246221,269437,231327
30963,246277,18711,231396
319415,246696,108083,231583
319518,246787,117150,231605
319554,257635,18718,231691
319800,26357,53357,231727
319945,26363,18780,231871
320011,26378,66350,232087
320127,26384,18784,232156
320207,26457,26971,232333
320404,26458,211429,232449
320452,26459,329502,232493
320581,26462,18778,232680
320634,26464,18782,232714
320707,26565,26565,232811
320940,26568,26970,232975
320951,26569,68603,232984
320997,26570,271424,233011
327655,266744,27399,233016
327942,268510,76500,233549
328779,268512,74776,233781
328845,268656,50784,233799
329502,26876,19012,233801
329506,26877,67916,233836
329777,26878,19044,233904
329910,268782,13861,234129
330064,26879,11758,234135
330406,268860,17523,234309
330671,26887,19125,234356
330836,269060,24059,234515
330962,26912,320951,234724
331026,269180,19210,234730
333424,26922,27388,234779
338362,269378,171210,234889
338366,26938,170789,234967
338403,269437,171282,235033
353169,269614,19286,235044
353371,269615,20229,235293
380660,26970,69215,235339
380921,26971,216134,235386
381022,269823,22271,235504
381290,269941,76654,235534
381694,269951,14863,235582
381925,270076,71336,235626
382985,270198,19682,235674
394430,27029,54150,236149
394432,27053,216453,236293
394433,270685,103142,236539
394434,271424,19683,236727
394435,271639,216454,236899
394436,271786,107605,237523
432530,27226,98711,237625
433022,272411,108841,237636
433182,27357,77974,237823
433256,27369,17252,237831
433323,27376,242285,237928
433931,27388,105014,237940
434437,27392,235033,238011
434674,27399,225994,238023
435766,27400,20443,238024
435802,27402,20442,23827
435818,27411,20444,23831
436008,27413,338362,238384
50493,27416,23908,238505
50770,27419,15931,23887
50773,276846,15476,238871
50784,277973,628779,23900
50785,28042,319415,23908
50786,280645,195646,239122
50787,28169,15478,23917
50790,28200,54710,23918
50798,28253,328779,23923
50799,29858,72136,239273
50877,29859,58250,23945
50917,29863,71797,239559
50935,30805,59031,23956
51797,30955,11881,23959
51798,30956,56773,23971
52064,30962,54371,23972
52123,30963,26887,239827
52466,319415,76969,23984
52538,319518,53374,23985
52815,319554,60322,23986
52858,319800,50787,240215
53332,319945,50785,24059
53357,320011,50786,24060
53374,320127,75612,240752
53415,320207,30956,241062
53418,320208,69156,241159
53625,320404,140483,241391
53896,320452,192166,241447
53897,320581,81535,241452
53945,320634,20322,241489
54122,320635,20280,241612
54128,320685,20540,242202
54150,320707,268656,242285
54195,320718,20773,242585
54218,320940,228677,242607
54325,320951,13885,242669
54326,320981,20397,243078
54338,320997,20454,243085
54369,327655,56632,243328
54371,327942,20698,243537
54384,327951,76668,243616
54391,328035,58994,243755
54397,328779,238011,245650
54403,328845,77626,245847
54447,329093,20597,246049
54486,329502,20598,246221
545975,329506,208449,246277
54611,329777,208890,246696
54613,329910,320718,246787
54616,330064,224661,257635
54667,330406,268512,26357
54670,330671,243755,26363
54710,330836,20652,26378
55936,331026,20657,26384
55963,333182,20656,26457
55979,333424,20655,26458
55980,337924,20751,26459
55981,338362,20603,26462
56012,338366,20810,26464
56017,338403,20775,26565
56050,353169,14137,26568
56077,353371,78925,26569
56078,380660,94224,26570
56174,380921,20441,266645
56176,380959,54613,266744
56185,381022,20446,268510
56219,381290,20447,268512
56248,381694,50935,268656
56318,381925,26938,26874
56336,382985,20449,268756
56348,394430,225742,26876
56351,394434,20905,26877
56356,394436,66945,26878
56357,432530,66925,268782
56375,433022,66052,26879
56386,433182,67680,268860
56421,433256,211389,26887
56451,433323,21366,269060
56454,433931,13180,26912
56473,434121,18115,269180
56485,434264,105663,26922
56520,434437,20502,269346
56529,434674,72962,269378
56632,435766,192289,26938
56643,435802,50493,269437
56703,435818,21990,269614
56749,436008,216343,269615
56752,50493,56720,26970
56773,50770,209176,26971
56774,50773,55961,269823
56794,50784,21391,269941
56847,50785,21823,269951
57138,50786,50798,270076
57274,50787,66248,270198
57279,50790,22232,27029
57357,50798,22235,27053
57370,50799,242585,270685
57394,50877,67883,271424
57738,50917,18606,271639
57813,50934,58246,271786
57874,50935,16770,27222
58193,51797,22234,27226
58250,51798,70484,272411
58807,52064,394434,272428
58810,52123,394430,27357
58875,52430,394433,27369
58994,52466,22236,27376
59012,52538,394436,27392
59031,52633,243085,27399
59045,52815,231396,27400
60322,52858,22238,27402
60525,53332,112417,27404
60527,53357,100559,27409
60596,53374,71773,27410
621603,53415,100727,27411
625249,53418,68556,27413
628779,53625,22436,27416
631304,53881,102448,27419
63828,53893,233781,27425
63959,53896,217119,276846
64008,53897,67880,277973
64292,53973,76429,28042
64436,54122,67895,280645
64580,54128,12870,28080
64602,54150,14325,28169
64705,54195,14319,28200
64707,54200,67634,28253
64898,54218,109754,29807
64899,54325,72017,29858
654821,54326,320635,29859
66052,54338,26462,29863
66054,54342,71743,30805
66065,54369,76952,30955
66142,54371,230718,30956
66152,54384,107569,30962
66171,54391,70881,30963
66190,54397,15452,319415
66194,54403,11821,319446
66204,54447,52633,319518
66234,54486,18770,319554
66248,545975,207182,319800
66286,54611,71522,319848
66350,54613,18641,319945
66355,54616,107869,320011
66411,54667,14555,320127
66435,54670,69080,320207
66445,54710,331026,320208
66461,55936,12411,320404
665563,55951,11647,320452
66576,55961,19895,320581
66586,55963,66355,320634
66588,55979,105446,320635
66594,55980,107239,320685
666168,55981,229363,320707
66624,56012,70025,320718
666417,56017,19063,320940
66646,56050,171281,320951
66659,56077,54397,320981
66681,56078,111175,320997
66694,56174,26922,327655
667034,56176,11370,327942
66775,56185,11363,327951
66812,56189,235582,328035
66834,56219,320208,328779
66841,56248,223646,328845
66848,56318,67375,329093
66853,56336,382985,329502
66865,56348,20133,329506
66885,56351,20135,329777
66902,56356,15357,329910
66925,56357,666417,330064
66945,56362,107885,330406
66948,56375,100039707,330671
67003,56386,211488,330836
67041,56388,211347,330962
67044,56421,74450,331026
67053,56448,75735,331487
67054,56451,269614,333182
67092,56454,67993,333424
67115,56473,22117,337924
67216,56485,227095,338362
67260,56520,69051,338366
67283,56529,22275,338403
67292,56632,13121,353169
67305,56690,433323,380660
67311,56703,20524,380701
67328,56749,229782,380921
67460,56752,27409,380959
67464,56773,67470,381022
67469,56774,237831,381290
67512,56794,223920,381694
67530,56847,16889,381925
67555,57028,76459,382053
67556,57138,12349,382985
67569,57170,230099,394430
67582,57274,23831,394432
67680,57279,12353,394433
67689,57357,12346,394434
67712,57370,12351,394435
67717,57738,12354,394436
67758,57813,12319,432530
67760,57874,71934,433022
67800,58193,27416,433182
67821,58246,18173,433256
67834,58250,22782,433323
67861,58807,224674,433931
67863,58810,11666,434121
67870,58875,19299,434203
67880,58994,217700,434264
67881,59012,67115,434437
67883,59027,72562,434674
67895,59031,29859,435766
67909,59033,67328,435802
67916,59045,76113,435818
67956,60322,71147,436008
67972,60525,234129,436059
67980,60527,12799,50493
68018,60596,107146,50770
68133,621603,13120,50773
68262,622127,13088,50784
68267,625249,13110,50785
68273,628779,81906,50786
68292,629203,74134,50787
68401,629219,631304,50790
68556,631304,109697,50798
68563,63828,232680,50799
68603,63959,329093,50877
68671,64008,74649,50917
68738,64292,11421,50934
68801,64385,16591,50935
68977,64436,56386,51797
69019,64580,22239,51798
69051,64602,18746,52064
69060,64705,18704,52123
69080,64707,240752,52430
69156,64898,18705,52466
69188,64899,26378,52538
69215,64918,67460,52633
69354,654821,109857,52710
69367,66052,28200,52815
69519,66054,320997,52858
69590,66065,13850,53332
69719,66142,74302,53357
69726,66152,77116,53374
69772,66171,14780,53415
69888,66190,104245,53418
69923,66194,218756,53625
69976,66204,233836,53881
70008,66234,20515,53893
70025,66248,20516,53896
70059,66286,240332,53897
70061,66350,15487,53973
70325,66355,13167,54122
70484,66411,26874,54128
70503,66422,225579,54150
70750,66435,94180,54195
70757,66445,102680,54200
70881,66447,56643,54218
70974,66454,52466,54325
71103,66461,12751,54326
71147,66514,14080,54338
71279,665563,66988,54342
71412,66576,18624,54369
71522,66586,18174,54371
71665,66588,53945,54384
71685,66594,11648,54391
71743,666168,17769,54397
71773,66624,66194,54403
71780,666417,66171,54447
71797,66646,226844,54486
71803,66659,66646,545975
71883,66681,108114,54611
71910,66694,18399,54613
71911,667034,19879,54616
71934,66775,234967,54667
71949,66812,243328,54670
72039,66834,27404,54710
72054,66841,26357,55936
72077,66848,11828,55951
72084,66853,11832,55961
72090,66865,27410,55963
72102,66885,11304,55979
72136,66902,109342,55980
72157,66925,230612,55981
72297,66945,246787,56012
72303,66948,241612,56017
72469,67003,16523,56050
72472,67041,20927,56077
72535,67044,20928,56078
72727,67053,16514,56174
72961,67054,19662,56176
72962,67092,20897,56185
73068,67115,19659,56189
73166,67216,19660,56219
73251,67260,20778,56315
73458,67283,237636,56318
73649,67292,15446,56336
73836,67305,74442,56348
74011,67311,74182,56351
74032,67328,64602,56357
74035,67460,78801,56362
74055,67464,11636,56375
74104,67469,11566,56386
74114,67512,11565,56388
74129,67530,114863,56421
74147,67555,11846,56448
74185,67556,12892,56451
74205,67569,51797,56454
74241,67582,55936,56473
74246,67634,14923,56485
74302,676527,110391,56520
74338,67680,14593,56529
74411,67689,433182,56632
74419,67712,13806,56643
74442,67717,13808,56690
74450,67758,13807,56703
74451,67760,15203,56720
74559,67800,319945,56727
74577,67834,216558,56749
74596,67861,14433,56752
74729,67863,100042025,56773
74754,67870,14447,56774
74769,67880,14583,56794
74776,67881,14584,56847
74782,67883,14645,57028
75320,67895,266744,57138
75410,67909,13479,57170
75454,67916,218138,57274
75456,67956,14528,57279
75475,67972,12350,57357
75483,67980,11826,57370
75497,67993,11829,57394
75512,68018,17339,57423
75540,68133,11827,57738
75572,68262,11830,57813
75578,68263,15288,57874
75612,68267,12035,58176
75735,68273,23917,58193
75769,68292,23918,58246
76025,68312,12215,58250
76051,68401,110119,58807
76187,68556,665563,58810
76238,68563,192185,58865
76267,68603,110895,58866
76282,68671,277973,58994
76376,68738,14751,59012
76408,68801,18655,59031
76429,68977,338366,59045
76459,69019,18663,60322
76485,69051,72157,60525
76500,69060,66681,60527
76507,69080,29858,60596
76654,69083,54128,621603
76668,69156,17025,622127
76687,69188,66812,625249
76722,69215,106564,628779
76893,69354,56189,629203
76898,69367,246049,629219
76952,69519,75456,631304
76969,69590,19139,63828
77116,69634,110639,63857
77337,69675,107272,63959
77559,69719,100678,63993
77626,69726,54391,64008
77683,69772,21351,64292
77974,69888,208967,64385
78038,69923,21881,64436
78070,69976,74419,64580
78174,70008,83553,64602
78600,70025,29807,64705
78752,70059,21991,64707
78754,70061,74246,64898
78801,70325,107652,64899
78830,70456,227620,64918
78894,70484,22276,654821
78920,70503,108052,66043
78923,70750,27411,66052
78925,70757,104816,66054
78928,70881,107476,66065
79059,70974,78914,66142
791260,71103,11534,66152
80707,71147,69519,66171
80721,71279,75572,66190
80879,71336,66204,66194
80911,71412,245847,66234
80914,71519,108147,66248
81535,71522,109900,66286
83398,71665,69634,66350
83493,71670,67980,66355
83553,71685,26384,66411
83603,71743,14635,66422
83702,71760,69976,66435
83885,71780,14430,66445
84095,71797,231327,66447
84505,71803,68977,66454
93683,71883,15109,66514
93692,71910,71761,665563
93732,71911,109801,66576
93747,71934,55980,66586
93898,71949,114663,66588
93961,72017,53332,66594
94180,72039,14913,666168
94181,72054,18263,66624
94192,72077,56421,666417
94224,72082,18642,66646
94249,72084,237823,66659
94284,72090,257635,66681
96979,72102,22171,66694
97212,72136,243537,667034
97287,72157,19703,66775
97440,72297,320685,66812
97884,72303,116914,66834
98660,72401,269378,66841
98711,72469,229709,66853
99586,72472,54670,66865
99712,72535,54667,66885
,72562,50770,66902
,72727,320940,66925
,73068,18669,66945
,73132,66834,66948
,73166,22227,67003
,73251,329910,67044
,73458,74104,67053
,73649,12491,67054
,73724,19765,67092
,73836,18104,67115
,74011,68312,67126
,74032,171168,67216
,74035,66190,67260
,74055,230379,67283
,74080,19156,67292
,74114,14667,67305
,74129,230101,67311
,74134,23956,67328
,74147,50877,67375
,74182,20452,67460
,74185,16890,67464
,74205,16891,67469
,74241,67758,67470
,74246,269060,67473
,74302,231871,67512
,74411,18947,67530
,74419,69060,67555
,74442,66853,67556
,74450,67717,67569
,74451,18946,67582
,74551,14077,67634
,74559,14079,676527
,74577,12140,67680
,74596,16592,67689
,74649,16204,67712
,74729,11770,67717
,74754,75497,67729
,74769,21884,67758
,74776,20216,67760
,74782,233799,67800
,75320,272428,67821
,75410,233801,67834
,75454,67469,67861
,75456,218121,67863
,75475,225010,67880
,75483,64898,67881
,75497,235044,67883
,75512,229791,67895
,75540,216152,67909
,75572,64899,67916
,75578,14245,67935
,75612,71910,67942
,75735,381925,67956
,75769,28042,67972
,76025,18807,67980
,76051,104759,67993
,76113,194908,68018
,76187,12038,68055
,76238,69923,68133
,76257,67260,68262
,76267,71949,68263
,76282,76893,68267
,76376,545975,68273
,76408,241447,68292
,76429,93898,68393
,76459,54447,68401
,76485,76485,68556
,76500,68273,68563
,76507,66435,68603
,76654,67909,68671
,76668,74782,68738
,76687,56375,68801
,76722,654821,68977
,76768,16430,69019
,76893,320011,69051
,76898,330406,69060
,76952,108155,69080
,76969,26878,69083
,77116,97884,69156
,77337,224143,69188
,77559,68292,69215
,77626,14422,69354
,77683,268510,69367
,77974,26877,69590
,78038,171167,69634
,78070,14347,69675
,78174,330671,69698
,78600,381694,69719
,78752,208211,69726
,78754,14345,69772
,78801,73068,69888
,78830,71103,69923
,78894,67555,69976
,78914,97440,69983
,78920,56356,70008
,78923,238023,70025
,78925,74577,70059
,78928,20448,70061
,79059,241159,70266
,791260,14344,70325
,80707,71519,70456
,80879,69590,70484
,80908,56351,70503
,80911,67053,70750
,80914,224024,70757
,81535,105349,70789
,81906,676527,70881
,83398,98386,71103
,83493,17919,71147
,83553,110611,71279
,83603,18145,71336
,83702,102294,71412
,83885,57357,71519
,84095,27400,71522
,84505,56348,71562
,84682,114664,71665
,93683,54325,71670
,93692,12686,71679
,93732,74559,71685
,93747,57874,71743
,93898,67044,71760
,93961,30963,71761
,94180,66775,71773
,94181,70757,71797
,94192,106529,71803
,94224,243078,71854
,94229,328035,71883
,94249,60527,71884
,96979,66411,71910
,97212,214663,71934
,97287,14187,71949
,97440,215015,72017
,97884,238024,72039
,98386,74035,72054
,98711,63828,72077
,99586,75578,72082
,99712,100503991,72084
,,235534,72090
,,101744,72094
,,331487,72102
,,319518,72136
,,18452,72157
,,18451,72269
,,320452,72297
,,67870,72303
,,104923,72401
,,67712,72469
,,246696,72472
,,54384,72535
,,75454,72562
,,219135,72727
,,209039,72947
,,103466,72961
,,103199,72962
,,75769,73068
,,329506,73132
,,237523,73166
,,72102,73251
,,218232,73333
,,227721,73458
,,97287,73649
,,66865,73836
,,101490,74011
,,74411,74032
,,83493,74035
,,67881,74055
,,17330,74080
,,217837,74104
,,227733,74114
,,22262,74129
,,241452,74134
,,20148,74147
,,791260,74156
,,107585,74185
,,13371,74205
,,13370,74241
,,56362,74246
,,69083,74302
,,52064,74338
,,69188,74411
,,231051,74419
,,233904,74442
,,20937,74450
,,208266,74451
,,75410,74551
,,107823,74559
,,225888,74577
,,192195,74596
,,214162,74649
,,232811,74729
,,239122,74754
,,208043,74769
,,84505,74776
,,73251,74782
,,234135,75320
,,64707,75410
,,18193,75454
,,381022,75456
,,74729,75475
,,77683,75483
,,235626,75497
,,67956,75512
,,69726,75540
,,110147,75578
,,69019,75612
,,66624,75735
,,76687,75750
,,56529,75769
,,66286,75986
,,57170,76025
,,107895,76051
,,67569,76113
,,69675,76187
,,227399,76257
,,327655,76267
,,70974,76282
,,67935,76376
,,13909,76408
,,382053,76429
,,104158,76459
,,67473,76485
,,380701,76500
,,75750,76507
,,20521,76654
,,66065,76668
,,71412,76687
,,53415,76722
,,234309,76768
,,13016,76893
,,69772,76898
,,70061,76952
,,436008,76969
,,74032,77031
,,80707,77116
,,67861,77337
,,320981,77559
,,76768,77626
,,11650,77683
,,330962,77974
,,106407,78038
,,94215,78070
,,72094,78174
,,269823,78600
,,22273,78752
,,66576,78754
,,17711,78801
,,66152,78830
,,66594,78894
,,67003,78914
,,66694,78920
,,66445,78923
,,22272,78925
,,67530,78928
,,20523,79059
,,22229,791260
,,22228,79235
,,74011,80707
,,66218,80721
,,226646,80879
,,227197,80908
,,67130,80911
,,66414,80914
,,66495,81535
,,68194,81600
,,100041273,81906
,,100042503,83398
,,407785,83493
,,68197,83553
,,66091,83603
,,54405,83702
,,75406,83885
,,225887,84095
,,230075,84505
,,66377,84682
,,67273,93683
,,595136,93692
,,68342,93732
,,17718,93747
,,80286,93898
,,68349,93961
,,17722,94180
,,17720,94181
,,102631912,94192
,,66416,94215
,,17995,94224
,,68202,94249
,,17719,94284
,,17992,94352
,,67184,96979
,,67264,97212
,,66108,97287
,,69875,97440
,,66046,97884
,,17993,98256
,,66916,98386
,,17717,98660
,,17991,98711
,,68375,99439
,,68198,99586
,,17716,99712
,,78330,
,,70316,
,,72900,
,,17721,
,,104130,
,,12868,
,,12866,
,,12859,
,,12857,
,,75483,
,,20463,
,,12867,
,,17708,
,,66142,
,,12862,
,,12864,
,,17709,
,,12858,
,,333182,
,,17710,
,,78174,
,,12865,
,,110323,
,,84682,
,,12861,
,,268756,
,,11950,
,,11951,
,,11957,
,,11958,
,,18195,
,,27425,
,,57423,
,,71679,
,,228033,
,,67942,
,,11946,
,,11947,
,,11949,
,,66043,
,,67126,
,,68055,
,,28080,
,,26464,
,,22361,
,,225326,
,,67292,
,,56176,
,,110417,
,,18700,
,,14755,
,,140494,
,,114143,
,,11984,
,,11974,
,,242341,
,,11972,
,,11975,
,,27060,
,,21871,
,,73834,
,,66144,
,,11973,
,,68775,
,,11964,
,,108664,
,,66290,
,,11966,
,,338375,
,,110935,
,,74915,
,,66237,
,,66335,