"entrezgene_id","external_gene_name","ensembl_gene_id"
11754,"Aoc3","ENSMUSG00000019326"
76507,"Aoc1","ENSMUSG00000029811"
237940,"Aoc2","ENSMUSG00000078651"
13081,"Cyp24a1","ENSMUSG00000038567"
13115,"Cyp27b1","ENSMUSG00000006724"
231691,"Sds","ENSMUSG00000029597"
20887,"Sult1a1","ENSMUSG00000030711"
217593,"Slc25a21","ENSMUSG00000035472"
106557,"Ldhal6b","ENSMUSG00000101959"
16833,"Ldhc","ENSMUSG00000030851"
54122,"Uevld","ENSMUSG00000043262"
16832,"Ldhb","ENSMUSG00000030246"
16828,"Ldha","ENSMUSG00000063229"
80879,"Slc16a3","ENSMUSG00000025161"
20503,"Slc16a7","ENSMUSG00000020102"
20501,"Slc16a1","ENSMUSG00000032902"
232156,"Slc4a5","ENSMUSG00000068323"
54403,"Slc4a4","ENSMUSG00000060961"
18293,"Ogdh","ENSMUSG00000020456"
13382,"Dld","ENSMUSG00000020664"
27402,"Pdhx","ENSMUSG00000010914"
78920,"Dlst","ENSMUSG00000004789"
100417514,"Adh6b","ENSMUSG00000074206"
26876,"Adh4","ENSMUSG00000037797"
11522,"Adh1","ENSMUSG00000074207"
11529,"Adh7","ENSMUSG00000055301"
11532,"Adh5","ENSMUSG00000028138"
76187,"Adhfe1","ENSMUSG00000025911"
12846,"Comt","ENSMUSG00000000326"
72472,"Slc16a10","ENSMUSG00000019838"
11670,"Aldh3a1","ENSMUSG00000019102"
73458,"Aldh3b3","ENSMUSG00000037263"
621603,"Aldh3b2","ENSMUSG00000075296"
56847,"Aldh1a3","ENSMUSG00000015134"
67689,"Aldh3b1","ENSMUSG00000024885"
15445,"Hpd","ENSMUSG00000029445"
268860,"Abat","ENSMUSG00000057880"
70750,"Kdsr","ENSMUSG00000009905"
107766,"Haao","ENSMUSG00000000673"
52430,"Echdc2","ENSMUSG00000028601"
23923,"Aadat","ENSMUSG00000057228"
70266,"Kyat1","ENSMUSG00000039648"
13195,"Ddc","ENSMUSG00000020182"
17161,"Maoa","ENSMUSG00000025037"
109731,"Maob","ENSMUSG00000040147"
50799,"Slc25a13","ENSMUSG00000015112"
78830,"Slc25a12","ENSMUSG00000027010"
246277,"Csad","ENSMUSG00000023044"
14415,"Gad1","ENSMUSG00000070880"
14417,"Gad2","ENSMUSG00000026787"
14718,"Got1","ENSMUSG00000025190"
14719,"Got2","ENSMUSG00000031672"
212647,"Aldh4a1","ENSMUSG00000028737"
17250,"Abcc1","ENSMUSG00000023088"
20859,"Sult2a1","ENSMUSG00000078798"
629219,"Sult2a6","ENSMUSG00000070810"
434264,"Sult2a5","ENSMUSG00000078799"
629203,"Sult2a3","ENSMUSG00000074375"
434121,"Sult2a4","ENSMUSG00000074377"
20509,"Slc19a1","ENSMUSG00000001436"
11761,"Aox1","ENSMUSG00000063558"
110877,"Slc18a1","ENSMUSG00000036330"
214084,"Slc18a2","ENSMUSG00000025094"
14275,"Folr1","ENSMUSG00000001827"
14276,"Folr2","ENSMUSG00000032725"
17159,"Man2b1","ENSMUSG00000005142"
239559,"A4galt","ENSMUSG00000047878"
333424,"A4gnt","ENSMUSG00000037953"
80908,"Abo","ENSMUSG00000015787"
215335,"Slc36a1","ENSMUSG00000020261"
232333,"Slc6a1","ENSMUSG00000030310"
243616,"Slc6a11","ENSMUSG00000030307"
14412,"Slc6a13","ENSMUSG00000030108"
14411,"Slc6a12","ENSMUSG00000030109"
110446,"Acat1","ENSMUSG00000032047"
231086,"Hadhb","ENSMUSG00000059447"
52538,"Acaa2","ENSMUSG00000036880"
97212,"Hadha","ENSMUSG00000025745"
224530,"Acat3","ENSMUSG00000062480"
110460,"Acat2","ENSMUSG00000023832"
235674,"Acaa1b","ENSMUSG00000010651"
100705,"Acacb","ENSMUSG00000042010"
11416,"Slc33a1","ENSMUSG00000027822"
68738,"Acss1","ENSMUSG00000027452"
380660,"Acss3","ENSMUSG00000035948"
54342,"Gnpnat1","ENSMUSG00000037722"
56174,"Nagk","ENSMUSG00000034744"
109785,"Pgm3","ENSMUSG00000056131"
327942,"Pigl","ENSMUSG00000014245"
217214,"Nags","ENSMUSG00000048217"
11423,"Ache","ENSMUSG00000023328"
20508,"Slc18a3","ENSMUSG00000100241"
104112,"Acly","ENSMUSG00000020917"
94181,"Nans","ENSMUSG00000028334"
235504,"Slc17a5","ENSMUSG00000049624"
67311,"Nanp","ENSMUSG00000053916"
11433,"Acp5","ENSMUSG00000001348"
66659,"Acp6","ENSMUSG00000028093"
66885,"Acadsb","ENSMUSG00000030861"
11364,"Acadm","ENSMUSG00000062908"
11409,"Acads","ENSMUSG00000029545"
102632,"Acad11","ENSMUSG00000090150"
66948,"Acad8","ENSMUSG00000031969"
229211,"Acad9","ENSMUSG00000027710"
56357,"Ivd","ENSMUSG00000027332"
74156,"Acot12","ENSMUSG00000021620"
11430,"Acox1","ENSMUSG00000020777"
109652,"Acy1","ENSMUSG00000023262"
11429,"Aco2","ENSMUSG00000022477"
11428,"Aco1","ENSMUSG00000028405"
93732,"Acox2","ENSMUSG00000021751"
11431,"Acp1","ENSMUSG00000044573"
56318,"Acp3","ENSMUSG00000032561"
57279,"Slc25a20","ENSMUSG00000032602"
60525,"Acss2","ENSMUSG00000027605"
78894,"Aacs","ENSMUSG00000029482"
107626,"Asmt","ENSMUSG00000093806"
13106,"Cyp2e1","ENSMUSG00000025479"
11486,"Ada","ENSMUSG00000017697"
13340,"Slc29a2","ENSMUSG00000024891"
11639,"Ak4","ENSMUSG00000028527"
11637,"Ak2","ENSMUSG00000028792"
229949,"Ak5","ENSMUSG00000039058"
56248,"Ak3","ENSMUSG00000024782"
11702,"Amd1","ENSMUSG00000075232"
100041585,"Amd2","ENSMUSG00000063953"
11512,"Adcy6","ENSMUSG00000022994"
271639,"Adcy10","ENSMUSG00000026567"
104111,"Adcy3","ENSMUSG00000020654"
11514,"Adcy8","ENSMUSG00000022376"
210044,"Adcy2","ENSMUSG00000021536"
11513,"Adcy7","ENSMUSG00000031659"
432530,"Adcy1","ENSMUSG00000020431"
104110,"Adcy4","ENSMUSG00000022220"
11515,"Adcy9","ENSMUSG00000005580"
224129,"Adcy5","ENSMUSG00000022840"
63959,"Slc29a1","ENSMUSG00000023942"
434203,"Slc28a1","ENSMUSG00000025726"
114304,"Slc28a3","ENSMUSG00000021553"
269346,"Slc28a2","ENSMUSG00000027219"
71279,"Slc29a3","ENSMUSG00000020100"
53893,"Nudt5","ENSMUSG00000025817"
12494,"Cd38","ENSMUSG00000029084"
12895,"Cpt1b","ENSMUSG00000078937"
78070,"Cpt1c","ENSMUSG00000007783"
12894,"Cpt1a","ENSMUSG00000024900"
12896,"Cpt2","ENSMUSG00000028607"
23972,"Papss2","ENSMUSG00000024899"
23971,"Papss1","ENSMUSG00000028032"
11564,"Adsl","ENSMUSG00000022407"
231727,"B3gnt4","ENSMUSG00000029431"
53625,"B3gnt2","ENSMUSG00000051650"
108902,"B4gat1","ENSMUSG00000047379"
210004,"B3gntl1","ENSMUSG00000046605"
232984,"B3gnt8","ENSMUSG00000059479"
227327,"B3gnt7","ENSMUSG00000079445"
72297,"B3gnt3","ENSMUSG00000031803"
75986,"Agmat","ENSMUSG00000040706"
67512,"Agpat2","ENSMUSG00000026922"
102247,"Gpat4","ENSMUSG00000031545"
68262,"Agpat4","ENSMUSG00000023827"
28169,"Agpat3","ENSMUSG00000001211"
52123,"Agpat5","ENSMUSG00000031467"
55979,"Agpat1","ENSMUSG00000034254"
67216,"Mboat2","ENSMUSG00000020646"
268782,"Agxt2","ENSMUSG00000089678"
71760,"Etnppl","ENSMUSG00000019232"
11611,"Agxt","ENSMUSG00000026272"
15211,"Hexa","ENSMUSG00000025232"
15212,"Hexb","ENSMUSG00000021665"
67054,"Paics","ENSMUSG00000029247"
67863,"Slc25a11","ENSMUSG00000014606"
27376,"Slc25a10","ENSMUSG00000025792"
114644,"Slc13a3","ENSMUSG00000018459"
77337,"Akr1c21","ENSMUSG00000021207"
83702,"Akr1c6","ENSMUSG00000021210"
208665,"Akr1d1","ENSMUSG00000038641"
20514,"Slc1a5","ENSMUSG00000001918"
55963,"Slc1a4","ENSMUSG00000020142"
53896,"Slc7a10","ENSMUSG00000030495"
17254,"Slc3a2","ENSMUSG00000010095"
11656,"Alas2","ENSMUSG00000025270"
26912,"Gcat","ENSMUSG00000006378"
26912,"Gcat","ENSMUSG00000116378"
11655,"Alas1","ENSMUSG00000032786"
67760,"Slc38a2","ENSMUSG00000022462"
11988,"Slc7a2","ENSMUSG00000031596"
56774,"Slc6a14","ENSMUSG00000031089"
11987,"Slc7a1","ENSMUSG00000041313"
105727,"Slc38a1","ENSMUSG00000023169"
69354,"Slc38a4","ENSMUSG00000022464"
11989,"Slc7a3","ENSMUSG00000031297"
74338,"Slc6a19","ENSMUSG00000021565"
57394,"Cltrn","ENSMUSG00000015401"
70008,"Ace2","ENSMUSG00000015405"
76282,"Gpt","ENSMUSG00000022546"
108682,"Gpt2","ENSMUSG00000031700"
209837,"Slc38a5","ENSMUSG00000031170"
76257,"Slc38a3","ENSMUSG00000010064"
225791,"Ptgr3","ENSMUSG00000049090"
58810,"Akr1a1","ENSMUSG00000028692"
11668,"Aldh1a1","ENSMUSG00000053279"
19378,"Aldh1a2","ENSMUSG00000013584"
110695,"Aldh7a1","ENSMUSG00000053644"
56752,"Aldh9a1","ENSMUSG00000026687"
11671,"Aldh3a2","ENSMUSG00000010025"
72535,"Aldh1b1","ENSMUSG00000035561"
11669,"Aldh2","ENSMUSG00000029455"
11684,"Alox12","ENSMUSG00000000320"
11688,"Alox8","ENSMUSG00000020891"
11687,"Alox15","ENSMUSG00000018924"
11689,"Alox5","ENSMUSG00000025701"
110198,"Akr7a5","ENSMUSG00000028743"
11677,"Akr1b1","ENSMUSG00000001642"
17117,"Amacr","ENSMUSG00000022244"
67582,"Slc25a26","ENSMUSG00000045100"
109674,"Ampd2","ENSMUSG00000027889"
229665,"Ampd1","ENSMUSG00000070385"
11717,"Ampd3","ENSMUSG00000005686"
16790,"Anpep","ENSMUSG00000039062"
109959,"Amy2a5","ENSMUSG00000074268"
100043688,"Amy2a2","ENSMUSG00000096569"
100043684,"Amy2a4","ENSMUSG00000096770"
100043686,"Amy2a3","ENSMUSG00000093931"
11722,"Amy1","ENSMUSG00000074264"
20532,"Slc3a1","ENSMUSG00000024131"
30962,"Slc7a9","ENSMUSG00000030492"
26459,"Slc27a5","ENSMUSG00000030382"
242669,"Azin2","ENSMUSG00000028789"
330836,"Slc7a6","ENSMUSG00000031904"
11847,"Arg2","ENSMUSG00000021125"
11898,"Ass1","ENSMUSG00000076441"
83885,"Slc25a2","ENSMUSG00000050304"
18408,"Slc25a15","ENSMUSG00000031482"
11883,"Arsa","ENSMUSG00000022620"
11886,"Asah1","ENSMUSG00000031591"
54338,"Slc23a2","ENSMUSG00000027340"
20522,"Slc23a1","ENSMUSG00000024354"
66514,"Asrgl1","ENSMUSG00000024654"
27053,"Asns","ENSMUSG00000029752"
69719,"Cad","ENSMUSG00000013629"
20513,"Slc1a6","ENSMUSG00000005357"
20510,"Slc1a1","ENSMUSG00000024935"
20512,"Slc1a3","ENSMUSG00000005360"
20511,"Slc1a2","ENSMUSG00000005089"
242607,"Slc1a7","ENSMUSG00000008932"
12496,"Entpd2","ENSMUSG00000015085"
12495,"Entpd1","ENSMUSG00000048120"
215446,"Entpd3","ENSMUSG00000041608"
12497,"Entpd6","ENSMUSG00000033068"
12499,"Entpd5","ENSMUSG00000021236"
72090,"Entpd8","ENSMUSG00000036813"
11739,"Slc25a4","ENSMUSG00000031633"
11740,"Slc25a5","ENSMUSG00000016319"
73333,"Slc25a31","ENSMUSG00000069041"
110173,"Manba","ENSMUSG00000028164"
26879,"B3galnt1","ENSMUSG00000043300"
54218,"B3galt4","ENSMUSG00000067370"
93961,"B3galt5","ENSMUSG00000074892"
108105,"B3gnt5","ENSMUSG00000022686"
12012,"Baat","ENSMUSG00000039653"
110948,"Hlcs","ENSMUSG00000040820"
22348,"Slc32a1","ENSMUSG00000037771"
170442,"Bbox1","ENSMUSG00000041660"
63857,"Bco1","ENSMUSG00000031845"
71911,"Bdh1","ENSMUSG00000046598"
64918,"Bhmt2","ENSMUSG00000042118"
12116,"Bhmt","ENSMUSG00000074768"
101488,"Slco2b1","ENSMUSG00000030737"
12780,"Abcc2","ENSMUSG00000025194"
76408,"Abcc3","ENSMUSG00000020865"
28253,"Slco1b2","ENSMUSG00000030236"
233016,"Blvrb","ENSMUSG00000040466"
109778,"Blvra","ENSMUSG00000001999"
55981,"Pigb","ENSMUSG00000079469"
23827,"Bpnt1","ENSMUSG00000026617"
26363,"Btd","ENSMUSG00000021900"
330064,"Slc5a6","ENSMUSG00000006641"
80721,"Slc19a3","ENSMUSG00000038496"
103149,"Upb1","ENSMUSG00000033427"
73166,"Tm7sf2","ENSMUSG00000024799"
18194,"Nsdhl","ENSMUSG00000031349"
15488,"Hsd17b4","ENSMUSG00000024507"
66234,"Msmo1","ENSMUSG00000031604"
320707,"Atp2b3","ENSMUSG00000031376"
11941,"Atp2b2","ENSMUSG00000030302"
67972,"Atp2b1","ENSMUSG00000019943"
381290,"Atp2b4","ENSMUSG00000026463"
12359,"Cat","ENSMUSG00000027187"
110893,"Slc8a3","ENSMUSG00000079055"
20541,"Slc8a1","ENSMUSG00000054640"
110891,"Slc8a2","ENSMUSG00000030376"
109136,"Mmaa","ENSMUSG00000037022"
14377,"G6pc1","ENSMUSG00000078650"
14378,"G6pc2","ENSMUSG00000005232"
68401,"G6pc3","ENSMUSG00000034793"
227231,"Cps1","ENSMUSG00000025991"
12408,"Cbr1","ENSMUSG00000051483"
52858,"Cdipt","ENSMUSG00000030682"
74596,"Cds1","ENSMUSG00000029330"
110911,"Cds2","ENSMUSG00000058793"
99712,"Cept1","ENSMUSG00000040774"
212862,"Chpt1","ENSMUSG00000060002"
223753,"Cerk","ENSMUSG00000035891"
68018,"Cert1","ENSMUSG00000021669"
57738,"Slc15a2","ENSMUSG00000022899"
12642,"Ch25h","ENSMUSG00000050370"
12647,"Chat","ENSMUSG00000021919"
237928,"Phospho1","ENSMUSG00000050860"
13026,"Pcyt1a","ENSMUSG00000005615"
236899,"Pcyt1b","ENSMUSG00000035246"
108096,"Slco1a5","ENSMUSG00000063975"
20493,"Slc10a1","ENSMUSG00000021135"
20494,"Slc10a2","ENSMUSG00000023073"
27413,"Abcb11","ENSMUSG00000027048"
218865,"Chdh","ENSMUSG00000015970"
12651,"Chkb","ENSMUSG00000022617"
12660,"Chka","ENSMUSG00000024843"
63993,"Slc5a7","ENSMUSG00000023945"
20518,"Slc22a2","ENSMUSG00000040966"
20520,"Slc22a5","ENSMUSG00000018900"
54200,"Sult2b1","ENSMUSG00000003271"
59045,"Stard3","ENSMUSG00000018167"
11303,"Abca1","ENSMUSG00000015243"
81600,"Chia1","ENSMUSG00000062778"
67729,"Mansc1","ENSMUSG00000032718"
71884,"Chit1","ENSMUSG00000026450"
20500,"Slc13a2","ENSMUSG00000001095"
13358,"Slc25a1","ENSMUSG00000003528"
12716,"Ckmt1","ENSMUSG00000000308"
76722,"Ckmt2","ENSMUSG00000021622"
12709,"Ckb","ENSMUSG00000001270"
12715,"Ckm","ENSMUSG00000030399"
23985,"Slc26a4","ENSMUSG00000020651"
171429,"Slc26a6","ENSMUSG00000023259"
66586,"Crls1","ENSMUSG00000027357"
24060,"Slc35a1","ENSMUSG00000028293"
12764,"Cmas","ENSMUSG00000030282"
73132,"Slc25a16","ENSMUSG00000071253"
436059,"Ces2h","ENSMUSG00000091813"
230027,"Coq3","ENSMUSG00000028247"
217707,"Coq6","ENSMUSG00000021235"
12850,"Coq7","ENSMUSG00000030652"
72077,"Gcnt3","ENSMUSG00000032226"
14537,"Gcnt1","ENSMUSG00000038843"
218476,"Gcnt4","ENSMUSG00000091387"
272411,"B3gnt6","ENSMUSG00000074004"
102857,"Slc6a8","ENSMUSG00000019558"
12908,"Crat","ENSMUSG00000026853"
30805,"Slc22a4","ENSMUSG00000020334"
12974,"Cs","ENSMUSG00000005683"
74114,"Crot","ENSMUSG00000003623"
20539,"Slc7a5","ENSMUSG00000040010"
50934,"Slc7a8","ENSMUSG00000022180"
12583,"Cdo1","ENSMUSG00000033022"
215113,"Slc43a2","ENSMUSG00000038178"
26570,"Slc7a11","ENSMUSG00000027737"
72269,"Cda","ENSMUSG00000028755"
11628,"Aicda","ENSMUSG00000040627"
80914,"Uck2","ENSMUSG00000026558"
22245,"Uck1","ENSMUSG00000002550"
66588,"Cmpk1","ENSMUSG00000028719"
22169,"Cmpk2","ENSMUSG00000020638"
320127,"Dgki","ENSMUSG00000038665"
217480,"Dgkb","ENSMUSG00000036095"
104418,"Dgkz","ENSMUSG00000040479"
380921,"Dgkh","ENSMUSG00000034731"
110197,"Dgkg","ENSMUSG00000022861"
227333,"Dgkd","ENSMUSG00000070738"
13139,"Dgka","ENSMUSG00000025357"
56077,"Dgke","ENSMUSG00000000276"
110524,"Dgkq","ENSMUSG00000004815"
13142,"Dao","ENSMUSG00000042096"
93692,"Glrx","ENSMUSG00000021591"
69367,"Glrx2","ENSMUSG00000018196"
70503,"Ddo","ENSMUSG00000063428"
13177,"Eci1","ENSMUSG00000024132"
23986,"Eci2","ENSMUSG00000021417"
13178,"Dck","ENSMUSG00000029366"
13190,"Dct","ENSMUSG00000022129"
20249,"Scd1","ENSMUSG00000037071"
56473,"Fads2","ENSMUSG00000024665"
76267,"Fads1","ENSMUSG00000010663"
13350,"Dgat1","ENSMUSG00000022555"
67800,"Dgat2","ENSMUSG00000030747"
27369,"Dguok","ENSMUSG00000014554"
20527,"Slc2a3","ENSMUSG00000003153"
20525,"Slc2a1","ENSMUSG00000028645"
20528,"Slc2a4","ENSMUSG00000018566"
74754,"Dhcr24","ENSMUSG00000034926"
13122,"Cyp7a1","ENSMUSG00000028240"
13360,"Dhcr7","ENSMUSG00000058454"
13244,"Degs1","ENSMUSG00000038633"
70059,"Degs2","ENSMUSG00000021263"
20860,"Sult1e1","ENSMUSG00000029272"
56749,"Dhodh","ENSMUSG00000031730"
64705,"Dpys","ENSMUSG00000022304"
22240,"Dpysl3","ENSMUSG00000024501"
12934,"Dpysl2","ENSMUSG00000022048"
57274,"Slc16a8","ENSMUSG00000032988"
110196,"Fdps","ENSMUSG00000059743"
74129,"Dmgdh","ENSMUSG00000042102"
67283,"Slc25a19","ENSMUSG00000020744"
380959,"Alg10b","ENSMUSG00000075470"
68563,"Dpm3","ENSMUSG00000042737"
13481,"Dpm2","ENSMUSG00000026810"
13480,"Dpm1","ENSMUSG00000078919"
59012,"Moxd1","ENSMUSG00000020000"
13166,"Dbh","ENSMUSG00000000889"
22173,"Tyr","ENSMUSG00000004651"
20538,"Slc6a2","ENSMUSG00000055368"
13162,"Slc6a3","ENSMUSG00000021609"
20519,"Slc22a3","ENSMUSG00000023828"
12183,"Bpgm","ENSMUSG00000038871"
18648,"Pgam1","ENSMUSG00000011752"
56012,"Pgam2","ENSMUSG00000020475"
192156,"Mvd","ENSMUSG00000006517"
232449,"Dera","ENSMUSG00000030225"
99586,"Dpyd","ENSMUSG00000033308"
21877,"Tk1","ENSMUSG00000025574"
57813,"Tk2","ENSMUSG00000035824"
110074,"Dut","ENSMUSG00000027203"
16434,"Itpa","ENSMUSG00000074797"
13595,"Ebp","ENSMUSG00000031168"
93747,"Echs1","ENSMUSG00000025465"
11992,"Auh","ENSMUSG00000021460"
51798,"Ech1","ENSMUSG00000053898"
74147,"Ehhadh","ENSMUSG00000022853"
26458,"Slc27a2","ENSMUSG00000027359"
108115,"Slco4a1","ENSMUSG00000038963"
58807,"Slco1c1","ENSMUSG00000030235"
239273,"Abcc4","ENSMUSG00000032849"
108116,"Slco3a1","ENSMUSG00000025790"
110826,"Etfb","ENSMUSG00000004610"
110842,"Etfa","ENSMUSG00000032314"
66841,"Etfdh","ENSMUSG00000027809"
75320,"Etnk1","ENSMUSG00000030275"
214253,"Etnk2","ENSMUSG00000070644"
75540,"Fpgt","ENSMUSG00000053870"
435766,"Tnni3k","ENSMUSG00000040086"
74205,"Acsl3","ENSMUSG00000032883"
50790,"Acsl4","ENSMUSG00000031278"
14081,"Acsl1","ENSMUSG00000018796"
433256,"Acsl5","ENSMUSG00000024981"
328845,"Acsbg2","ENSMUSG00000024207"
216739,"Acsl6","ENSMUSG00000020333"
117147,"Acsm1","ENSMUSG00000033533"
18605,"Enpp1","ENSMUSG00000037370"
209558,"Enpp3","ENSMUSG00000019989"
83603,"Elovl4","ENSMUSG00000032262"
170439,"Elovl6","ENSMUSG00000041220"
68801,"Elovl5","ENSMUSG00000032349"
54326,"Elovl2","ENSMUSG00000021364"
666168,"Cyp4a31","ENSMUSG00000028712"
100040843,"Cyp4a32","ENSMUSG00000063929"
13117,"Cyp4a10","ENSMUSG00000066072"
435802,"Cyp4a30b","ENSMUSG00000084346"
14104,"Fasn","ENSMUSG00000025153"
26457,"Slc27a1","ENSMUSG00000031808"
26569,"Slc27a4","ENSMUSG00000059316"
26568,"Slc27a3","ENSMUSG00000027932"
11674,"Aldoa","ENSMUSG00000030695"
230163,"Aldob","ENSMUSG00000028307"
11676,"Aldoc","ENSMUSG00000017390"
14121,"Fbp1","ENSMUSG00000069805"
270198,"Pfkfb4","ENSMUSG00000025648"
18639,"Pfkfb1","ENSMUSG00000025271"
170768,"Pfkfb3","ENSMUSG00000026773"
18640,"Pfkfb2","ENSMUSG00000026409"
14120,"Fbp2","ENSMUSG00000021456"
14151,"Fech","ENSMUSG00000024588"
107747,"Aldh1l1","ENSMUSG00000030088"
73649,"Cybrd1","ENSMUSG00000027015"
234730,"Fcsk","ENSMUSG00000033703"
71562,"Afmid","ENSMUSG00000017718"
13361,"Dhfr","ENSMUSG00000021707"
14287,"Fpgs","ENSMUSG00000009566"
56017,"Slc2a8","ENSMUSG00000026791"
20526,"Slc2a2","ENSMUSG00000027690"
435818,"Slc2a7","ENSMUSG00000062064"
56485,"Slc2a5","ENSMUSG00000028976"
216188,"Aldh1l2","ENSMUSG00000020256"
270685,"Mthfd1l","ENSMUSG00000040675"
108156,"Mthfd1","ENSMUSG00000021048"
66848,"Fuca2","ENSMUSG00000019810"
71665,"Fuca1","ENSMUSG00000028673"
14085,"Fah","ENSMUSG00000030630"
14194,"Fh1","ENSMUSG00000026526"
14343,"Fut1","ENSMUSG00000008461"
14348,"Fut9","ENSMUSG00000055373"
57370,"B4galt3","ENSMUSG00000052423"
53418,"B4galt2","ENSMUSG00000028541"
14595,"B4galt1","ENSMUSG00000028413"
56336,"B4galt5","ENSMUSG00000017929"
14571,"Gpd2","ENSMUSG00000026827"
56454,"Aldh18a1","ENSMUSG00000025007"
100198,"H6pd","ENSMUSG00000028980"
14381,"G6pdx","ENSMUSG00000031400"
14385,"Slc37a4","ENSMUSG00000032114"
14431,"Gamt","ENSMUSG00000020150"
53897,"Gal3st1","ENSMUSG00000049721"
19025,"Ctsa","ENSMUSG00000017760"
12091,"Glb1","ENSMUSG00000045594"
50917,"Galns","ENSMUSG00000015027"
18010,"Neu1","ENSMUSG00000007038"
14420,"Galc","ENSMUSG00000021003"
14421,"B4galnt1","ENSMUSG00000006731"
234356,"Csgalnact1","ENSMUSG00000036356"
78752,"Csgalnact2","ENSMUSG00000042042"
74241,"Chpf","ENSMUSG00000032997"
269941,"Chsy1","ENSMUSG00000032640"
78923,"Chsy3","ENSMUSG00000058152"
230145,"Galnt12","ENSMUSG00000039774"
14423,"Galnt1","ENSMUSG00000000420"
231605,"Galnt9","ENSMUSG00000033316"
14426,"Galnt4","ENSMUSG00000090035"
171212,"Galnt10","ENSMUSG00000020520"
271786,"Galnt13","ENSMUSG00000060988"
207839,"Galnt6","ENSMUSG00000037280"
78754,"Galnt15","ENSMUSG00000021903"
241391,"Galnt5","ENSMUSG00000026828"
108148,"Galnt2","ENSMUSG00000089704"
108150,"Galnt7","ENSMUSG00000031608"
71685,"Galnt14","ENSMUSG00000024064"
231050,"Galnt11","ENSMUSG00000038072"
14425,"Galnt3","ENSMUSG00000026994"
170441,"Slc2a10","ENSMUSG00000027661"
117592,"B3galt6","ENSMUSG00000050796"
218271,"B4galt7","ENSMUSG00000021504"
232714,"Mgam","ENSMUSG00000068587"
14450,"Gart","ENSMUSG00000022962"
11593,"Aga","ENSMUSG00000031521"
14466,"Gba1","ENSMUSG00000028048"
227671,"Gbgt1","ENSMUSG00000026829"
104776,"Aldh6a1","ENSMUSG00000021238"
214579,"Aldh5a1","ENSMUSG00000035936"
434437,"Amt","ENSMUSG00000032607"
104174,"Gldc","ENSMUSG00000024827"
68133,"Gcsh","ENSMUSG00000034424"
14538,"Gcnt2","ENSMUSG00000021360"
228368,"Slc35c1","ENSMUSG00000049922"
22122,"Gfus","ENSMUSG00000022570"
14590,"Ggh","ENSMUSG00000073987"
110175,"Ggct","ENSMUSG00000002797"
27357,"Gyg1","ENSMUSG00000019528"
232493,"Gys2","ENSMUSG00000030244"
14936,"Gys1","ENSMUSG00000003865"
23887,"Ggt5","ENSMUSG00000006344"
108037,"Shmt2","ENSMUSG00000025403"
20425,"Shmt1","ENSMUSG00000020534"
11605,"Gla","ENSMUSG00000031266"
74185,"Gbe1","ENSMUSG00000022707"
110006,"Gusb","ENSMUSG00000025534"
109685,"Hyal3","ENSMUSG00000036091"
93683,"Glce","ENSMUSG00000032252"
100910,"Chpf2","ENSMUSG00000038181"
14042,"Ext1","ENSMUSG00000061731"
14043,"Ext2","ENSMUSG00000027198"
76898,"B3gat1","ENSMUSG00000045994"
280645,"B3gat2","ENSMUSG00000026156"
72727,"B3gat3","ENSMUSG00000071649"
27419,"Naglu","ENSMUSG00000001751"
64580,"Ndst4","ENSMUSG00000027971"
15531,"Ndst1","ENSMUSG00000054008"
83398,"Ndst3","ENSMUSG00000027977"
17423,"Ndst2","ENSMUSG00000039308"
54616,"Extl3","ENSMUSG00000021978"
58193,"Extl2","ENSMUSG00000027963"
56219,"Extl1","ENSMUSG00000028838"
117591,"Slc2a9","ENSMUSG00000005107"
353169,"Slc2a12","ENSMUSG00000037490"
227659,"Slc2a6","ENSMUSG00000036067"
20537,"Slc5a1","ENSMUSG00000011034"
77559,"Agl","ENSMUSG00000033400"
110078,"Pygb","ENSMUSG00000033059"
19309,"Pygm","ENSMUSG00000032648"
110095,"Pygl","ENSMUSG00000021069"
14629,"Gclc","ENSMUSG00000032350"
14630,"Gclm","ENSMUSG00000028124"
14661,"Glud1","ENSMUSG00000021794"
14317,"Ftcd","ENSMUSG00000001155"
14660,"Gls","ENSMUSG00000026103"
216456,"Gls2","ENSMUSG00000044005"
71803,"Slc25a18","ENSMUSG00000004902"
68267,"Slc25a22","ENSMUSG00000019082"
270076,"Gcdh","ENSMUSG00000003809"
140919,"Slc17a6","ENSMUSG00000030500"
216227,"Slc17a8","ENSMUSG00000019935"
72961,"Slc17a7","ENSMUSG00000070570"
15112,"Hao1","ENSMUSG00000027261"
56185,"Hao2","ENSMUSG00000027870"
67092,"Gatm","ENSMUSG00000027199"
76238,"Grhpr","ENSMUSG00000035637"
14933,"Gk","ENSMUSG00000025059"
14626,"Gk2","ENSMUSG00000050553"
14651,"Hagh","ENSMUSG00000024158"
14664,"Slc6a9","ENSMUSG00000028542"
110208,"Pgd","ENSMUSG00000028961"
14711,"Gnmt","ENSMUSG00000002769"
14732,"Gpam","ENSMUSG00000024978"
70325,"Pigw","ENSMUSG00000045140"
241062,"Pgap1","ENSMUSG00000073678"
67556,"Pigm","ENSMUSG00000050229"
72084,"Pigx","ENSMUSG00000023791"
14782,"Gsr","ENSMUSG00000031584"
21672,"Prdx2","ENSMUSG00000005161"
18477,"Prdx1","ENSMUSG00000028691"
14776,"Gpx2","ENSMUSG00000042808"
14775,"Gpx1","ENSMUSG00000063856"
625249,"Gpx4","ENSMUSG00000075706"
14778,"Gpx3","ENSMUSG00000018339"
75512,"Gpx6","ENSMUSG00000004341"
67305,"Gpx7","ENSMUSG00000028597"
11757,"Prdx3","ENSMUSG00000024997"
14854,"Gss","ENSMUSG00000027610"
14598,"Ggt1","ENSMUSG00000006345"
234889,"Gucy1a2","ENSMUSG00000041624"
54195,"Gucy1b1","ENSMUSG00000028005"
230103,"Npr2","ENSMUSG00000028469"
245650,"Gucy2f","ENSMUSG00000042282"
14917,"Gucy2c","ENSMUSG00000042638"
18160,"Npr1","ENSMUSG00000027931"
14919,"Gucy2e","ENSMUSG00000020890"
60596,"Gucy1a1","ENSMUSG00000033910"
14544,"Gda","ENSMUSG00000058624"
12352,"Car5a","ENSMUSG00000025317"
56078,"Car5b","ENSMUSG00000031373"
27392,"Pign","ENSMUSG00000056536"
230801,"Pigv","ENSMUSG00000043257"
99439,"Duox1","ENSMUSG00000033268"
214593,"Duox2","ENSMUSG00000068452"
11833,"Aqp8","ENSMUSG00000030762"
56703,"Pigo","ENSMUSG00000028454"
18701,"Pigf","ENSMUSG00000024145"
433931,"Pigg","ENSMUSG00000029263"
239827,"Pigz","ENSMUSG00000045625"
329777,"Pigk","ENSMUSG00000039047"
14731,"Gpaa1","ENSMUSG00000022561"
228812,"Pigu","ENSMUSG00000038383"
276846,"Pigs","ENSMUSG00000041958"
78928,"Pigt","ENSMUSG00000017721"
15108,"Hsd17b10","ENSMUSG00000025260"
15107,"Hadh","ENSMUSG00000027984"
15118,"Has3","ENSMUSG00000031910"
15116,"Has1","ENSMUSG00000003665"
15117,"Has2","ENSMUSG00000022367"
71883,"Coq2","ENSMUSG00000029319"
20535,"Slc4a2","ENSMUSG00000028962"
240215,"Slc4a9","ENSMUSG00000024485"
20533,"Slc4a1","ENSMUSG00000006574"
20536,"Slc4a3","ENSMUSG00000006576"
103988,"Gck","ENSMUSG00000041798"
15277,"Hk2","ENSMUSG00000000628"
15275,"Hk1","ENSMUSG00000037012"
216019,"Hkdc1","ENSMUSG00000020080"
212032,"Hk3","ENSMUSG00000025877"
15233,"Hgd","ENSMUSG00000022821"
58875,"Hibadh","ENSMUSG00000029776"
15186,"Hdc","ENSMUSG00000027360"
11944,"Atp4a","ENSMUSG00000005553"
11945,"Atp4b","ENSMUSG00000031449"
70789,"Kynu","ENSMUSG00000026866"
208715,"Hmgcs1","ENSMUSG00000093930"
15360,"Hmgcs2","ENSMUSG00000027875"
15356,"Hmgcl","ENSMUSG00000028672"
208982,"Hmgcll1","ENSMUSG00000007908"
15368,"Hmox1","ENSMUSG00000005413"
15369,"Hmox2","ENSMUSG00000004070"
56794,"Hacl1","ENSMUSG00000021884"
52815,"Ldhd","ENSMUSG00000031958"
27029,"Sgsh","ENSMUSG00000005043"
15483,"Hsd11b1","ENSMUSG00000016194"
15484,"Hsd11b2","ENSMUSG00000031891"
15485,"Hsd17b1","ENSMUSG00000019301"
14979,"Hsd17b8","ENSMUSG00000073422"
15486,"Hsd17b2","ENSMUSG00000031844"
15490,"Hsd17b7","ENSMUSG00000026675"
15497,"Hsd3b6","ENSMUSG00000027869"
15492,"Hsd3b1","ENSMUSG00000027871"
15496,"Hsd3b5","ENSMUSG00000038092"
15494,"Hsd3b3","ENSMUSG00000062410"
15493,"Hsd3b2","ENSMUSG00000063730"
15495,"Hsd3b4","ENSMUSG00000095143"
100043456,"Hsd3b8","ENSMUSG00000095388"
101502,"Hsd3b7","ENSMUSG00000042289"
57028,"Pdxp","ENSMUSG00000116165"
15929,"Idh3g","ENSMUSG00000002010"
170718,"Idh3b","ENSMUSG00000027406"
67834,"Idh3a","ENSMUSG00000032279"
15926,"Idh1","ENSMUSG00000025950"
269951,"Idh2","ENSMUSG00000030541"
22018,"Tpo","ENSMUSG00000020673"
15932,"Idua","ENSMUSG00000033540"
12036,"Bcat2","ENSMUSG00000030826"
72401,"Slc43a1","ENSMUSG00000027075"
56727,"Miox","ENSMUSG00000022613"
239606,"Slc2a13","ENSMUSG00000036298"
53881,"Slc5a3","ENSMUSG00000089774"
319554,"Idi1","ENSMUSG00000058258"
320581,"Idi2","ENSMUSG00000033520"
216225,"Slc5a8","ENSMUSG00000020062"
56451,"Suclg1","ENSMUSG00000052738"
20917,"Suclg2","ENSMUSG00000061838"
20916,"Sucla2","ENSMUSG00000022110"
20498,"Slc12a4","ENSMUSG00000017765"
20499,"Slc12a7","ENSMUSG00000017756"
107723,"Slc12a6","ENSMUSG00000027130"
57138,"Slc12a5","ENSMUSG00000017740"
16548,"Khk","ENSMUSG00000029162"
236727,"Slc9a7","ENSMUSG00000037341"
77031,"Slc9a8","ENSMUSG00000039463"
98256,"Kmo","ENSMUSG00000039783"
226413,"Lct","ENSMUSG00000026354"
11432,"Acp2","ENSMUSG00000002103"
16816,"Lcat","ENSMUSG00000035237"
171405,"Slc22a27","ENSMUSG00000067656"
207151,"Slc22a19","ENSMUSG00000024757"
236149,"Slc22a26","ENSMUSG00000053303"
236293,"Slc22a29","ENSMUSG00000075044"
319800,"Slc22a30","ENSMUSG00000052562"
434674,"Slc22a28","ENSMUSG00000063590"
327951,"Cyb5d1","ENSMUSG00000044795"
64008,"Aqp9","ENSMUSG00000032204"
106648,"Cyp4f15","ENSMUSG00000073424"
16987,"Lss","ENSMUSG00000033105"
18783,"Pla2g4a","ENSMUSG00000056220"
12735,NA,NA
19193,"Pipox","ENSMUSG00000017453"
16956,"Lpl","ENSMUSG00000015568"
15450,"Lipc","ENSMUSG00000032207"
12613,"Cel","ENSMUSG00000026818"
116939,"Pnpla3","ENSMUSG00000041653"
23945,"Mgll","ENSMUSG00000033174"
237625,"Pla2g3","ENSMUSG00000034579"
79235,"Lrat","ENSMUSG00000028003"
235293,"Sc5d","ENSMUSG00000032018"
16993,"Lta4h","ENSMUSG00000015889"
17001,"Ltc4s","ENSMUSG00000020377"
66447,"Mgst3","ENSMUSG00000026688"
211666,"Mgst2","ENSMUSG00000074604"
14874,"Gstz1","ENSMUSG00000021033"
14387,"Gaa","ENSMUSG00000025579"
72039,"Mccc1","ENSMUSG00000027709"
78038,"Mccc2","ENSMUSG00000021646"
56690,"Mlycd","ENSMUSG00000074064"
246221,"Mpst","ENSMUSG00000071711"
17448,"Mdh2","ENSMUSG00000019179"
17449,"Mdh1","ENSMUSG00000020321"
107029,"Me2","ENSMUSG00000024556"
17436,"Me1","ENSMUSG00000032418"
109264,"Me3","ENSMUSG00000030621"
15930,"Ido1","ENSMUSG00000031551"
13095,"Cyp2c29","ENSMUSG00000003053"
13076,"Cyp1a1","ENSMUSG00000032315"
13078,"Cyp1b1","ENSMUSG00000024087"
13077,"Cyp1a2","ENSMUSG00000032310"
11720,"Mat1a","ENSMUSG00000037798"
108645,"Mat2b","ENSMUSG00000042032"
232087,"Mat2a","ENSMUSG00000053907"
238505,"Mtr","ENSMUSG00000021311"
17855,"Mvk","ENSMUSG00000041939"
16331,"Inpp5d","ENSMUSG00000026288"
104015,"Synj1","ENSMUSG00000022973"
16332,"Inppl1","ENSMUSG00000032737"
170835,"Inpp5j","ENSMUSG00000034570"
16330,"Inpp5b","ENSMUSG00000028894"
64436,"Inpp5e","ENSMUSG00000026925"
212111,"Inpp5a","ENSMUSG00000025477"
16329,"Inpp1","ENSMUSG00000026102"
228550,"Itpka","ENSMUSG00000027296"
233011,"Itpkc","ENSMUSG00000003752"
320404,"Itpkb","ENSMUSG00000038855"
71780,"Isyna1","ENSMUSG00000019139"
269180,"Inpp4a","ENSMUSG00000026113"
234515,"Inpp4b","ENSMUSG00000037940"
76051,"Ganc","ENSMUSG00000062646"
73724,"Mcee","ENSMUSG00000033429"
17850,"Mmut","ENSMUSG00000023921"
68393,"Mogat1","ENSMUSG00000012187"
233549,"Mogat2","ENSMUSG00000052396"
66902,"Mtap","ENSMUSG00000062937"
17768,"Mthfd2","ENSMUSG00000005667"
94192,"C1galt1","ENSMUSG00000042460"
11484,"Aspa","ENSMUSG00000020774"
71670,"Acy3","ENSMUSG00000024866"
17939,"Naga","ENSMUSG00000022453"
59033,"Slc4a8","ENSMUSG00000023032"
94229,"Slc4a10","ENSMUSG00000026904"
114479,"Slc5a5","ENSMUSG00000000792"
11931,"Atp1b1","ENSMUSG00000026576"
232975,"Atp1a3","ENSMUSG00000040907"
98660,"Atp1a2","ENSMUSG00000007097"
67821,"Atp1b4","ENSMUSG00000016327"
11933,"Atp1b3","ENSMUSG00000032412"
11928,"Atp1a1","ENSMUSG00000033161"
27222,"Atp1a4","ENSMUSG00000007107"
11932,"Atp1b2","ENSMUSG00000041329"
20544,"Slc9a1","ENSMUSG00000028854"
105243,"Slc9a3","ENSMUSG00000036123"
226999,"Slc9a2","ENSMUSG00000026062"
338403,"Cndp1","ENSMUSG00000056162"
66054,"Cndp2","ENSMUSG00000024644"
20497,"Slc12a3","ENSMUSG00000031766"
238384,"Slc24a4","ENSMUSG00000041771"
94249,"Slc24a3","ENSMUSG00000063873"
214111,"Slc24a1","ENSMUSG00000034452"
76376,"Slc24a2","ENSMUSG00000037996"
76025,"Cant1","ENSMUSG00000025575"
66422,"Dctpp1","ENSMUSG00000042462"
67464,"Entpd4","ENSMUSG00000095463"
100862375,"Entpd4b","ENSMUSG00000022066"
21915,"Dtymk","ENSMUSG00000026281"
79059,"Nme3","ENSMUSG00000073435"
18103,"Nme2","ENSMUSG00000020857"
18102,"Nme1","ENSMUSG00000037601"
54369,"Nme6","ENSMUSG00000032478"
171567,"Nme7","ENSMUSG00000026575"
56520,"Nme4","ENSMUSG00000024177"
58176,"Rhbg","ENSMUSG00000104445"
19743,"Rhag","ENSMUSG00000023926"
20495,"Slc12a1","ENSMUSG00000027202"
20496,"Slc12a2","ENSMUSG00000024597"
74080,"Nmnat3","ENSMUSG00000032456"
66454,"Nmnat1","ENSMUSG00000028992"
226518,"Nmnat2","ENSMUSG00000042751"
59027,"Nampt","ENSMUSG00000020572"
18113,"Nnmt","ENSMUSG00000032271"
18948,"Pnmt","ENSMUSG00000038216"
18127,"Nos3","ENSMUSG00000028978"
18125,"Nos1","ENSMUSG00000029361"
18126,"Nos2","ENSMUSG00000020826"
667034,"Pnp2","ENSMUSG00000068417"
18950,"Pnp","ENSMUSG00000115338"
20517,"Slc22a1","ENSMUSG00000023829"
20445,"St6galnac1","ENSMUSG00000009588"
50773,"Nt5c","ENSMUSG00000020736"
18675,"Phex","ENSMUSG00000057457"
103850,"Nt5m","ENSMUSG00000032615"
23959,"Nt5e","ENSMUSG00000032420"
69983,"Sis","ENSMUSG00000027790"
18416,"Otc","ENSMUSG00000031173"
67041,"Oxct1","ENSMUSG00000022186"
353371,"Oxct2b","ENSMUSG00000076438"
13171,"Dbt","ENSMUSG00000000340"
12040,"Bckdhb","ENSMUSG00000032263"
12039,"Bckdha","ENSMUSG00000060376"
75475,"Oplah","ENSMUSG00000022562"
18242,"Oat","ENSMUSG00000030934"
22247,"Umps","ENSMUSG00000022814"
13521,"Slc26a2","ENSMUSG00000034320"
231583,"Slc26a1","ENSMUSG00000046959"
13487,"Slc26a3","ENSMUSG00000001225"
13070,"Cyp11a1","ENSMUSG00000032323"
13072,"Cyp11b2","ENSMUSG00000022589"
110115,"Cyp11b1","ENSMUSG00000075604"
13074,"Cyp17a1","ENSMUSG00000003555"
13075,"Cyp19a1","ENSMUSG00000032274"
56388,"Cyp3a25","ENSMUSG00000029630"
13113,"Cyp3a13","ENSMUSG00000029727"
13114,"Cyp3a16","ENSMUSG00000038656"
337924,"Cyp3a44","ENSMUSG00000054417"
13112,"Cyp3a11","ENSMUSG00000056035"
100041449,"Cyp3a59","ENSMUSG00000061292"
622127,"Cyp3a57","ENSMUSG00000070419"
100041375,"Cyp3a41b","ENSMUSG00000075552"
13079,"Cyp21a1","ENSMUSG00000024365"
104086,"Cyp27a1","ENSMUSG00000026170"
13086,"Cyp2a4","ENSMUSG00000074254"
13087,"Cyp2a5","ENSMUSG00000005547"
72082,"Cyp2c55","ENSMUSG00000025002"
13097,"Cyp2c38","ENSMUSG00000032808"
13098,"Cyp2c39","ENSMUSG00000025003"
69888,"Cyp2c66","ENSMUSG00000067229"
72303,"Cyp2c65","ENSMUSG00000067231"
56448,"Cyp2d22","ENSMUSG00000061740"
13107,"Cyp2f2","ENSMUSG00000052974"
56050,"Cyp39a1","ENSMUSG00000023963"
53973,"Cyp3a41a","ENSMUSG00000075551"
13116,"Cyp46a1","ENSMUSG00000021259"
64385,"Cyp4f14","ENSMUSG00000024292"
170716,"Cyp4f13","ENSMUSG00000024055"
72054,"Cyp4f18","ENSMUSG00000003484"
13123,"Cyp7b1","ENSMUSG00000039519"
13124,"Cyp8b1","ENSMUSG00000050445"
209027,"Pycr1","ENSMUSG00000025140"
100163,"Pafah2","ENSMUSG00000037366"
18475,"Pafah1b2","ENSMUSG00000003131"
18476,"Pafah1b3","ENSMUSG00000005447"
18472,"Pafah1b1","ENSMUSG00000020745"
27226,"Pla2g7","ENSMUSG00000023913"
73836,"Slc35b2","ENSMUSG00000037089"
11982,"Atp10a","ENSMUSG00000025324"
18806,"Pld2","ENSMUSG00000020828"
18805,"Pld1","ENSMUSG00000027695"
266645,"Acmsd","ENSMUSG00000026348"
18563,"Pcx","ENSMUSG00000024892"
18670,"Abcb4","ENSMUSG00000042476"
54611,"Pde3a","ENSMUSG00000041741"
18578,"Pde4b","ENSMUSG00000028525"
18584,"Pde8a","ENSMUSG00000025584"
18574,"Pde1b","ENSMUSG00000022489"
18583,"Pde7a","ENSMUSG00000069094"
110385,"Pde4c","ENSMUSG00000031842"
18575,"Pde1c","ENSMUSG00000004347"
238871,"Pde4d","ENSMUSG00000021699"
18573,"Pde1a","ENSMUSG00000059173"
18576,"Pde3b","ENSMUSG00000030671"
23984,"Pde10a","ENSMUSG00000023868"
18577,"Pde4a","ENSMUSG00000032177"
207728,"Gm45837","ENSMUSG00000030653"
207728,"Pde2a","ENSMUSG00000110195"
29863,"Pde7b","ENSMUSG00000019990"
241489,"Pde11a","ENSMUSG00000075270"
218461,"Pde8b","ENSMUSG00000021684"
110855,"Pde6c","ENSMUSG00000024992"
18585,"Pde9a","ENSMUSG00000041119"
242202,"Pde5a","ENSMUSG00000053965"
225600,"Pde6a","ENSMUSG00000024575"
18587,"Pde6b","ENSMUSG00000029491"
78600,"Pde6h","ENSMUSG00000064330"
18582,"Pde6d","ENSMUSG00000026239"
18588,"Pde6g","ENSMUSG00000025386"
18598,"Pdha2","ENSMUSG00000047674"
68263,"Pdhb","ENSMUSG00000021748"
235339,"Dlat","ENSMUSG00000000168"
18597,"Pdha1","ENSMUSG00000031299"
103711,"Pnpo","ENSMUSG00000018659"
11980,"Atp8a1","ENSMUSG00000037685"
18534,"Pck1","ENSMUSG00000027513"
74551,"Pck2","ENSMUSG00000040618"
80911,"Acox3","ENSMUSG00000029098"
68671,"Pcyt2","ENSMUSG00000025137"
18618,"Pemt","ENSMUSG00000000301"
236539,"Phgdh","ENSMUSG00000053398"
19215,"Ptgds","ENSMUSG00000015090"
54486,"Hpgds","ENSMUSG00000029919"
96979,"Ptges2","ENSMUSG00000026820"
64292,"Ptges","ENSMUSG00000050737"
19223,"Ptgis","ENSMUSG00000017969"
66461,"Ptpmt1","ENSMUSG00000063235"
74451,"Pgs1","ENSMUSG00000017715"
19225,"Ptgs2","ENSMUSG00000032487"
19224,"Ptgs1","ENSMUSG00000047250"
234724,"Tat","ENSMUSG00000001670"
18478,"Pah","ENSMUSG00000020051"
16922,"Phyh","ENSMUSG00000026664"
19211,"Pten","ENSMUSG00000013663"
20975,"Synj2","ENSMUSG00000023805"
18720,"Pip5k1a","ENSMUSG00000028126"
18717,"Pip5k1c","ENSMUSG00000034902"
18719,"Pip5k1b","ENSMUSG00000024867"
84095,"Pi4k2a","ENSMUSG00000025178"
224020,"Pi4ka","ENSMUSG00000041720"
107650,"Pi4kb","ENSMUSG00000038861"
74769,"Pik3cb","ENSMUSG00000032462"
18708,"Pik3r1","ENSMUSG00000041417"
18707,"Pik3cd","ENSMUSG00000039936"
18710,"Pik3r3","ENSMUSG00000028698"
18709,"Pik3r2","ENSMUSG00000031834"
18706,"Pik3ca","ENSMUSG00000027665"
23900,"Hcst","ENSMUSG00000064109"
30955,"Pik3cg","ENSMUSG00000020573"
320207,"Pik3r5","ENSMUSG00000020901"
320634,"Ocrl","ENSMUSG00000001173"
18795,"Plcb1","ENSMUSG00000051177"
234779,"Plcg2","ENSMUSG00000034330"
269615,"Plch2","ENSMUSG00000029055"
72469,"Plcd3","ENSMUSG00000020937"
114875,"Plcz1","ENSMUSG00000030230"
18802,"Plcd4","ENSMUSG00000026173"
18796,"Plcb2","ENSMUSG00000040061"
18803,"Plcg1","ENSMUSG00000016933"
74055,"Plce1","ENSMUSG00000024998"
18799,"Plcd1","ENSMUSG00000010660"
18798,"Plcb4","ENSMUSG00000039943"
18797,"Plcb3","ENSMUSG00000024960"
227120,"Plcl1","ENSMUSG00000038349"
433022,"Plcxd2","ENSMUSG00000087141"
269437,"Plch1","ENSMUSG00000036834"
18711,"Pikfyve","ENSMUSG00000025949"
108083,"Pip4k2b","ENSMUSG00000018547"
117150,"Pip4k2c","ENSMUSG00000025417"
18718,"Pip4k2a","ENSMUSG00000026737"
53357,"Pla2g6","ENSMUSG00000042632"
18780,"Pla2g2a","ENSMUSG00000058908"
66350,"Pla2g12a","ENSMUSG00000027999"
18784,"Pla2g5","ENSMUSG00000041193"
26971,"Pla2g2f","ENSMUSG00000028749"
211429,"Pla2g4b","ENSMUSG00000098488"
329502,"Pla2g4e","ENSMUSG00000050211"
18778,"Pla2g1b","ENSMUSG00000029522"
18782,"Pla2g2d","ENSMUSG00000041202"
26565,"Pla2g10","ENSMUSG00000022683"
26970,"Pla2g2e","ENSMUSG00000028751"
68603,"Pmvk","ENSMUSG00000027952"
271424,"Ip6k3","ENSMUSG00000024210"
27399,"Ip6k1","ENSMUSG00000032594"
76500,"Ip6k2","ENSMUSG00000032599"
74776,"Ppa2","ENSMUSG00000028013"
50784,"Plpp2","ENSMUSG00000052151"
19012,"Plpp1","ENSMUSG00000021759"
67916,"Plpp3","ENSMUSG00000028517"
19044,"Ppox","ENSMUSG00000062729"
13861,"Epx","ENSMUSG00000052234"
11758,"Prdx6","ENSMUSG00000026701"
17523,"Mpo","ENSMUSG00000009350"
19125,"Prodh","ENSMUSG00000003526"
24059,"Slco2a1","ENSMUSG00000032548"
320951,"Pisd","ENSMUSG00000023452"
19210,"Ptdss1","ENSMUSG00000021518"
27388,"Ptdss2","ENSMUSG00000025495"
171210,"Acot2","ENSMUSG00000021226"
170789,"Acot8","ENSMUSG00000017307"
171282,"Acot4","ENSMUSG00000052392"
19286,"Pts","ENSMUSG00000032067"
20229,"Sat1","ENSMUSG00000025283"
69215,"Sat2","ENSMUSG00000069835"
216134,"Pdxk","ENSMUSG00000032788"
22271,"Upp1","ENSMUSG00000020407"
76654,"Upp2","ENSMUSG00000026839"
14863,"Gstm2","ENSMUSG00000040562"
71336,"Rbks","ENSMUSG00000029136"
19682,"Rdh5","ENSMUSG00000025350"
54150,"Rdh7","ENSMUSG00000040134"
216453,"Rdh19","ENSMUSG00000054052"
103142,"Rdh9","ENSMUSG00000056148"
19683,"Rdh16","ENSMUSG00000069456"
216454,"Rdh16f2","ENSMUSG00000074639"
107605,"Rdh1","ENSMUSG00000089789"
98711,"Rdh10","ENSMUSG00000025921"
108841,"Rdh13","ENSMUSG00000008435"
77974,"Rdh12","ENSMUSG00000021123"
17252,"Rdh11","ENSMUSG00000066441"
242285,"Sdr16c5","ENSMUSG00000028236"
105014,"Rdh14","ENSMUSG00000020621"
235033,"Rdh8","ENSMUSG00000053773"
69698,"Slc52a3","ENSMUSG00000027463"
225994,"Nmrk1","ENSMUSG00000037847"
20443,"St3gal4","ENSMUSG00000032038"
20442,"St3gal1","ENSMUSG00000013846"
20444,"St3gal2","ENSMUSG00000031749"
338362,"Ust","ENSMUSG00000047712"
23908,"Hs2st1","ENSMUSG00000040151"
15931,"Ids","ENSMUSG00000035847"
15476,"Hs3st1","ENSMUSG00000051022"
628779,"Hs3st4","ENSMUSG00000078591"
319415,"Hs3st5","ENSMUSG00000044499"
195646,"Hs3st2","ENSMUSG00000046321"
15478,"Hs3st3a1","ENSMUSG00000047759"
54710,"Hs3st3b1","ENSMUSG00000070407"
328779,"Hs3st6","ENSMUSG00000039628"
72136,"Chst14","ENSMUSG00000074916"
58250,"Chst11","ENSMUSG00000034612"
71797,"Chst13","ENSMUSG00000056643"
59031,"Chst12","ENSMUSG00000036599"
11881,"Arsb","ENSMUSG00000042082"
56773,"Chst5","ENSMUSG00000031952"
54371,"Chst2","ENSMUSG00000033350"
26887,"Chst4","ENSMUSG00000035930"
76969,"Chst1","ENSMUSG00000027221"
53374,"Chst3","ENSMUSG00000057337"
60322,"Chst7","ENSMUSG00000037347"
50787,"Hs6st3","ENSMUSG00000053465"
50785,"Hs6st1","ENSMUSG00000045216"
50786,"Hs6st2","ENSMUSG00000062184"
75612,"Gns","ENSMUSG00000034707"
30956,"Aass","ENSMUSG00000029695"
69156,"Comtd1","ENSMUSG00000021773"
140483,"Hnmt","ENSMUSG00000026986"
192166,"Sardh","ENSMUSG00000009614"
81535,"Sgpp1","ENSMUSG00000021054"
20322,"Sord","ENSMUSG00000027227"
20280,"Scp2","ENSMUSG00000028603"
20540,"Slc7a7","ENSMUSG00000000958"
268656,"Sptlc1","ENSMUSG00000021468"
20773,"Sptlc2","ENSMUSG00000021036"
228677,"Sptlc3","ENSMUSG00000039092"
13885,"Esd","ENSMUSG00000021996"
20397,"Sgpl1","ENSMUSG00000020097"
20454,"St3gal5","ENSMUSG00000056091"
56632,"Sphk2","ENSMUSG00000057342"
20698,"Sphk1","ENSMUSG00000061878"
76668,"Mdh1b","ENSMUSG00000025963"
58994,"Smpd3","ENSMUSG00000031906"
238011,"Enpp7","ENSMUSG00000046697"
77626,"Smpd4","ENSMUSG00000005899"
20597,"Smpd1","ENSMUSG00000037049"
20598,"Smpd2","ENSMUSG00000019822"
208449,"Sgms1","ENSMUSG00000040451"
208890,"Slc26a7","ENSMUSG00000040569"
320718,"Slc26a9","ENSMUSG00000042268"
224661,"Slc26a8","ENSMUSG00000036196"
268512,"Slc26a11","ENSMUSG00000039908"
243755,"Slc13a4","ENSMUSG00000029843"
20652,"Soat1","ENSMUSG00000026600"
20657,"Sod3","ENSMUSG00000072941"
20656,"Sod2","ENSMUSG00000006818"
20655,"Sod1","ENSMUSG00000022982"
20751,"Spr","ENSMUSG00000033735"
20603,"Sms","ENSMUSG00000071708"
20810,"Srm","ENSMUSG00000006442"
20775,"Sqle","ENSMUSG00000022351"
14137,"Fdft1","ENSMUSG00000021273"
78925,"Srd5a1","ENSMUSG00000021594"
94224,"Srd5a2","ENSMUSG00000038541"
11298,"Aanat","ENSMUSG00000020804"
15567,"Slc6a4","ENSMUSG00000020838"
20441,"St3gal3","ENSMUSG00000028538"
54613,"St3gal6","ENSMUSG00000022747"
20446,"St6galnac2","ENSMUSG00000057286"
20447,"St6galnac3","ENSMUSG00000052544"
50935,"St6galnac6","ENSMUSG00000026811"
26938,"St6galnac5","ENSMUSG00000039037"
20449,"St8sia1","ENSMUSG00000030283"
225742,"St8sia5","ENSMUSG00000025425"
20905,"Sts","ENSMUSG00000121914"
66945,"Sdha","ENSMUSG00000021577"
66925,"Sdhd","ENSMUSG00000000171"
66052,"Sdhc","ENSMUSG00000058076"
67680,"Sdhb","ENSMUSG00000009863"
211389,"Suox","ENSMUSG00000049858"
21366,"Slc6a6","ENSMUSG00000030096"
13180,"Pcbd1","ENSMUSG00000020098"
18115,"Nnt","ENSMUSG00000025453"
105663,"Thtpa","ENSMUSG00000045691"
20502,"Slc16a2","ENSMUSG00000033965"
72962,"Tymp","ENSMUSG00000022615"
192289,NA,NA
50493,"Txnrd1","ENSMUSG00000020250"
212974,"Pgghg","ENSMUSG00000062031"
58866,"Treh","ENSMUSG00000032098"
21990,"Tph1","ENSMUSG00000040046"
216343,"Tph2","ENSMUSG00000006764"
56720,"Tdo2","ENSMUSG00000028011"
209176,"Ido2","ENSMUSG00000031549"
55961,"Slc13a1","ENSMUSG00000029700"
21391,"Tbxas1","ENSMUSG00000029925"
21823,"Th","ENSMUSG00000000214"
22178,"Tyrp1","ENSMUSG00000005994"
50798,"Gne","ENSMUSG00000028479"
66248,"Alg5","ENSMUSG00000036632"
22232,"Slc35a2","ENSMUSG00000031156"
22235,"Ugdh","ENSMUSG00000029201"
242585,"Slc35d1","ENSMUSG00000028521"
67883,"Uxs1","ENSMUSG00000057363"
18606,"Enpp2","ENSMUSG00000022425"
58246,"Slc35b4","ENSMUSG00000018999"
16770,"Lalba","ENSMUSG00000022991"
22234,"Ugcg","ENSMUSG00000028381"
70484,"Slc35d2","ENSMUSG00000033114"
394434,"Ugt1a9","ENSMUSG00000090175"
394430,"Ugt1a10","ENSMUSG00000090165"
94284,"Ugt1a6a","ENSMUSG00000054545"
394432,"Ugt1a7c","ENSMUSG00000090124"
394435,"Ugt1a6b","ENSMUSG00000090145"
394433,"Ugt1a5","ENSMUSG00000089943"
22236,"Ugt1a2","ENSMUSG00000090171"
394436,"Ugt1a1","ENSMUSG00000089960"
243085,"Ugt2b35","ENSMUSG00000035811"
231396,"Ugt2b36","ENSMUSG00000070704"
22238,"Ugt2b5","ENSMUSG00000054630"
112417,"Ugt2b37","ENSMUSG00000057425"
100559,"Ugt2b38","ENSMUSG00000061906"
71773,"Ugt2b1","ENSMUSG00000035836"
100727,"Ugt2b34","ENSMUSG00000029260"
68556,"Uckl1","ENSMUSG00000089917"
22436,"Xdh","ENSMUSG00000024066"
102448,"Xylb","ENSMUSG00000035769"
233781,"Xylt1","ENSMUSG00000030657"
217119,"Xylt2","ENSMUSG00000020868"
67880,"Dcxr","ENSMUSG00000039450"
76429,"Lhpp","ENSMUSG00000030946"
67895,"Ppa1","ENSMUSG00000020089"
76055,"Oga","ENSMUSG00000025220"
12870,"Cp","ENSMUSG00000003617"
14325,"Ftl1","ENSMUSG00000050708"
14319,"Fth1","ENSMUSG00000024661"
67634,"Ftmt","ENSMUSG00000024510"
109754,"Cyb5r3","ENSMUSG00000018042"
72017,"Cyb5r1","ENSMUSG00000026456"
320635,"Cyb5r2","ENSMUSG00000048065"
26462,"Txnrd2","ENSMUSG00000075704"
71743,"Coasy","ENSMUSG00000001755"
76952,"Nt5c2","ENSMUSG00000025041"
230718,"Nt5c1a","ENSMUSG00000054958"
107569,"Nt5c3","ENSMUSG00000029780"
70881,"Nt5c1b","ENSMUSG00000020622"
15452,"Hprt1","ENSMUSG00000025630"
11821,"Aprt","ENSMUSG00000006589"
52633,"Nit2","ENSMUSG00000022751"
18770,"Pklr","ENSMUSG00000041237"
207182,"Ggt7","ENSMUSG00000027603"
71522,"Ggt6","ENSMUSG00000040471"
18641,"Pfkl","ENSMUSG00000020277"
107869,"Cth","ENSMUSG00000028179"
14555,"Gpd1","ENSMUSG00000023019"
69080,"Gmppa","ENSMUSG00000033021"
331026,"Gmppb","ENSMUSG00000070284"
12411,"Cbs","ENSMUSG00000024039"
11647,"Alpl","ENSMUSG00000028766"
19895,"Rpia","ENSMUSG00000053604"
66355,"Gmpr","ENSMUSG00000000253"
105446,"Gmpr2","ENSMUSG00000002326"
107239,"Carns1","ENSMUSG00000075289"
229363,"Gmps","ENSMUSG00000027823"
70025,"Acot7","ENSMUSG00000028937"
19063,"Ppt1","ENSMUSG00000028657"
171281,"Acot3","ENSMUSG00000021228"
54397,"Ppt2","ENSMUSG00000015474"
111175,"Pecr","ENSMUSG00000026189"
26922,"Mecr","ENSMUSG00000028910"
11370,"Acadvl","ENSMUSG00000018574"
11363,"Acadl","ENSMUSG00000026003"
235582,"Glyctk","ENSMUSG00000020258"
320208,"Tmem91","ENSMUSG00000061702"
223646,"Naprt","ENSMUSG00000022574"
67375,"Qprt","ENSMUSG00000030674"
382985,"Rrm2b","ENSMUSG00000022292"
20133,"Rrm1","ENSMUSG00000030978"
20135,"Rrm2","ENSMUSG00000020649"
15357,"Hmgcr","ENSMUSG00000021670"
666417,NA,NA
107885,"Mthfs","ENSMUSG00000066442"
100039707,"Mthfsl","ENSMUSG00000079427"
211488,"Ado","ENSMUSG00000057134"
211347,"Pank3","ENSMUSG00000018846"
74450,"Pank2","ENSMUSG00000037514"
75735,"Pank1","ENSMUSG00000033610"
269614,"Pank4","ENSMUSG00000029056"
67993,"Nudt12","ENSMUSG00000024228"
22117,"Tst","ENSMUSG00000044986"
227095,"Hibch","ENSMUSG00000041426"
69051,"Pycr2","ENSMUSG00000026520"
22275,"Urod","ENSMUSG00000028684"
13121,"Cyp51","ENSMUSG00000001467"
433323,"Sgpp2","ENSMUSG00000032908"
20524,"Slc25a17","ENSMUSG00000022404"
229782,"Slc35a3","ENSMUSG00000027957"
27409,"Abcg5","ENSMUSG00000040505"
67470,"Abcg8","ENSMUSG00000024254"
237831,"Slc13a5","ENSMUSG00000020805"
223920,"Soat2","ENSMUSG00000023045"
16889,"Lipa","ENSMUSG00000024781"
76459,"Car12","ENSMUSG00000032373"
12349,"Car2","ENSMUSG00000027562"
230099,"Car9","ENSMUSG00000028463"
23831,"Car14","ENSMUSG00000038526"
12353,"Car6","ENSMUSG00000028972"
12346,"Car1","ENSMUSG00000027556"
12351,"Car4","ENSMUSG00000000805"
12354,"Car7","ENSMUSG00000031883"
12319,"Car8","ENSMUSG00000041261"
71934,"Car13","ENSMUSG00000027555"
27416,"Abcc5","ENSMUSG00000022822"
18173,"Slc11a1","ENSMUSG00000026177"
20504,"Slc17a1","ENSMUSG00000021335"
22782,"Slc30a1","ENSMUSG00000037434"
224674,"Slc37a1","ENSMUSG00000024036"
11666,"Abcd1","ENSMUSG00000031378"
19299,"Abcd3","ENSMUSG00000028127"
217700,"Acot6","ENSMUSG00000043487"
67115,"Rpl14","ENSMUSG00000025794"
94352,"Loxl2","ENSMUSG00000034205"
72562,"Pcbd2","ENSMUSG00000021496"
29859,"Sult4a1","ENSMUSG00000018865"
67328,"Lyzl1","ENSMUSG00000024233"
76113,"Lpo","ENSMUSG00000009356"
71147,"Oxsm","ENSMUSG00000021786"
234129,"Tpte","ENSMUSG00000031481"
12799,"Cnp","ENSMUSG00000006782"
107146,"Glyat","ENSMUSG00000063683"
13120,"Cyp4b1","ENSMUSG00000028713"
13088,"Cyp2b10","ENSMUSG00000030483"
13110,"Cyp2j6","ENSMUSG00000052914"
81906,"Cyp4x1","ENSMUSG00000047155"
74134,"Cyp2s1","ENSMUSG00000040703"
631304,"Cyp4f40","ENSMUSG00000090700"
17228,"Cma1","ENSMUSG00000022225"
109697,"Cpa1","ENSMUSG00000054446"
232680,"Cpa2","ENSMUSG00000071553"
329093,"Cpa6","ENSMUSG00000042501"
74649,"Cpa5","ENSMUSG00000029788"
17229,"Tpsb2","ENSMUSG00000033825"
100503895,"Tpsab1","ENSMUSG00000024173"
11421,"Ace","ENSMUSG00000020681"
16591,"Kl","ENSMUSG00000058488"
56386,"B4galt6","ENSMUSG00000056124"
22239,"Ugt8a","ENSMUSG00000032854"
18746,"Pkm","ENSMUSG00000032294"
18704,"Pik3c2a","ENSMUSG00000030660"
240752,"Pik3c2b","ENSMUSG00000026447"
18705,"Pik3c2g","ENSMUSG00000030228"
26378,"Decr2","ENSMUSG00000036775"
67460,"Decr1","ENSMUSG00000028223"
109857,"Cbr3","ENSMUSG00000022947"
28200,"Dhrs4","ENSMUSG00000022210"
320997,"Cyp4f39","ENSMUSG00000061126"
13850,"Ephx2","ENSMUSG00000022040"
74302,"Mtmr3","ENSMUSG00000034354"
77116,"Mtmr2","ENSMUSG00000031918"
14780,"Gpx5","ENSMUSG00000004344"
104245,"Slc6a5","ENSMUSG00000039728"
218756,"Slc4a7","ENSMUSG00000021733"
233836,"Slc5a11","ENSMUSG00000030769"
20515,"Slc20a1","ENSMUSG00000027397"
20516,"Slc20a2","ENSMUSG00000037656"
142681,"Slc34a3","ENSMUSG00000006469"
240332,"Slc6a7","ENSMUSG00000052026"
15487,"Hsd17b3","ENSMUSG00000033122"
13167,"Dbi","ENSMUSG00000026385"
26874,"Abcd2","ENSMUSG00000055782"
225579,"Slc27a6","ENSMUSG00000024600"
94180,"Acsbg1","ENSMUSG00000032281"
102680,"Slc6a20a","ENSMUSG00000036814"
56643,"Slc15a1","ENSMUSG00000025557"
52466,"Slc46a1","ENSMUSG00000020829"
12751,"Tpp1","ENSMUSG00000030894"
14080,"Fabp1","ENSMUSG00000054422"
66988,"Lap3","ENSMUSG00000039682"
102570,"Slc22a13","ENSMUSG00000074028"
18624,"Pepd","ENSMUSG00000063931"
18174,"Slc11a2","ENSMUSG00000023030"
53945,"Slc40a1","ENSMUSG00000025993"
11648,"Akp3","ENSMUSG00000036500"
17769,"Mthfr","ENSMUSG00000029009"
66194,"Pycr3","ENSMUSG00000022571"
66171,"Pgls","ENSMUSG00000031807"
226844,"Flvcr1","ENSMUSG00000066595"
66646,"Rpe","ENSMUSG00000026005"
108114,"Slc22a7","ENSMUSG00000067144"
18399,"Slc22a6","ENSMUSG00000024650"
19879,"Slc22a8","ENSMUSG00000063796"
22598,"Slc6a18","ENSMUSG00000021612"
234967,"Slc36a4","ENSMUSG00000043885"
12638,"Cftr","ENSMUSG00000041301"
243328,"Slc29a4","ENSMUSG00000050822"
27404,"Abca8b","ENSMUSG00000020620"
26357,"Abcg2","ENSMUSG00000029802"
11828,"Aqp3","ENSMUSG00000028435"
11832,"Aqp7","ENSMUSG00000028427"
27410,"Abca3","ENSMUSG00000024130"
11304,"Abca4","ENSMUSG00000028125"
109342,"Slc5a10","ENSMUSG00000042371"
230612,"Slc5a9","ENSMUSG00000028544"
246787,"Slc5a2","ENSMUSG00000030781"
241612,"Slc5a12","ENSMUSG00000041644"
52710,"Slc52a2","ENSMUSG00000022560"
16523,"Kcnj8","ENSMUSG00000030247"
20927,"Abcc8","ENSMUSG00000040136"
20928,"Abcc9","ENSMUSG00000030249"
16514,"Kcnj11","ENSMUSG00000096146"
19662,"Rbp4","ENSMUSG00000024990"
20897,"Stra6","ENSMUSG00000032327"
19659,"Rbp1","ENSMUSG00000046402"
19660,"Rbp2","ENSMUSG00000032454"
20778,"Scarb1","ENSMUSG00000037936"
237636,"Npc1l1","ENSMUSG00000020447"
15446,"Hpgd","ENSMUSG00000031613"
74442,"Sgms2","ENSMUSG00000050931"
74182,"Gpcpd1","ENSMUSG00000027346"
64602,"Ireb2","ENSMUSG00000032293"
78801,"Ak7","ENSMUSG00000041323"
11636,"Ak1","ENSMUSG00000026817"
11566,"Adss2","ENSMUSG00000015961"
11565,"Adss1","ENSMUSG00000011148"
114863,"Plpbp","ENSMUSG00000031485"
11846,"Arg1","ENSMUSG00000019987"
12892,"Cpox","ENSMUSG00000022742"
51797,"Ctps1","ENSMUSG00000028633"
55936,"Ctps2","ENSMUSG00000031360"
14923,"Guk1","ENSMUSG00000020444"
110391,"Qdpr","ENSMUSG00000015806"
14593,"Ggps1","ENSMUSG00000021302"
433182,"Eno1b","ENSMUSG00000059040"
13806,"Eno1b","ENSMUSG00000059040"
13806,"Eno1","ENSMUSG00000063524"
13808,"Eno3","ENSMUSG00000060600"
13807,"Eno2","ENSMUSG00000004267"
15203,"Heph","ENSMUSG00000031209"
319945,"Flad1","ENSMUSG00000042642"
216558,"Ugp2","ENSMUSG00000001891"
14433,"Gapdh","ENSMUSG00000057666"
100042025,NA,NA
14447,"Gapdhs","ENSMUSG00000061099"
14583,"Gfpt1","ENSMUSG00000029992"
14584,"Gfpt2","ENSMUSG00000020363"
14645,"Glul","ENSMUSG00000026473"
266744,"Lgsn","ENSMUSG00000050217"
13479,"Dpep1","ENSMUSG00000019278"
218138,"Gmds","ENSMUSG00000038372"
14528,"Gch1","ENSMUSG00000037580"
12350,"Car3","ENSMUSG00000027559"
11826,"Aqp1","ENSMUSG00000004655"
11829,"Aqp4","ENSMUSG00000024411"
17339,"Mip","ENSMUSG00000025389"
11827,"Aqp2","ENSMUSG00000023013"
11830,"Aqp5","ENSMUSG00000044217"
15288,"Hmbs","ENSMUSG00000032126"
12035,"Bcat1","ENSMUSG00000030268"
23917,"Impdh1","ENSMUSG00000003500"
23918,"Impdh2","ENSMUSG00000062867"
12215,"Bsg","ENSMUSG00000023175"
110119,"Mpi","ENSMUSG00000032306"
665563,"Mthfd2l","ENSMUSG00000029376"
192185,"Nadk","ENSMUSG00000029063"
110895,"Slc9a4","ENSMUSG00000026065"
277973,"Slc9a5","ENSMUSG00000014786"
14751,"Gpi1","ENSMUSG00000036427"
18655,"Pgk1","ENSMUSG00000062070"
338366,"Mia3","ENSMUSG00000056050"
18663,"Pgk2","ENSMUSG00000031233"
72157,"Pgm1","ENSMUSG00000025791"
66681,"Pgm2","ENSMUSG00000029171"
29858,"Pmm1","ENSMUSG00000022474"
54128,"Pmm2","ENSMUSG00000022711"
17025,"Alad","ENSMUSG00000028393"
66812,"Ppcdc","ENSMUSG00000063849"
106564,"Ppcs","ENSMUSG00000028636"
56189,"Prodh2","ENSMUSG00000036892"
246049,"Slc36a2","ENSMUSG00000020264"
75456,"Prps1l1","ENSMUSG00000092305"
19139,"Prps1","ENSMUSG00000031432"
110639,"Prps2","ENSMUSG00000025742"
107272,"Psat1","ENSMUSG00000024640"
100678,"Psph","ENSMUSG00000029446"
54391,"Rfk","ENSMUSG00000024712"
21351,"Taldo1","ENSMUSG00000025503"
208967,"Thnsl1","ENSMUSG00000048550"
21881,"Tkt","ENSMUSG00000021957"
74419,"Tktl2","ENSMUSG00000025519"
83553,"Tktl1","ENSMUSG00000031397"
29807,"Tpk1","ENSMUSG00000029735"
21991,"Tpi1","ENSMUSG00000023456"
74246,"Gale","ENSMUSG00000028671"
107652,"Uap1","ENSMUSG00000026670"
227620,"Uap1l1","ENSMUSG00000026956"
22276,"Uros","ENSMUSG00000030979"
108052,"Slc14a1","ENSMUSG00000059336"
27411,"Slc14a2","ENSMUSG00000024552"
104816,"Aspg","ENSMUSG00000037686"
107476,"Acaca","ENSMUSG00000020532"
78914,"Nadsyn1","ENSMUSG00000031090"
11534,"Adk","ENSMUSG00000039197"
69519,"Rwdd2a","ENSMUSG00000032417"
75572,"Acyp2","ENSMUSG00000060923"
66204,"Acyp1","ENSMUSG00000008822"
245847,"Amdhd2","ENSMUSG00000036820"
108147,"Atic","ENSMUSG00000026192"
109900,"Asl","ENSMUSG00000025533"
69634,"Clybl","ENSMUSG00000025545"
67980,"Gnpda2","ENSMUSG00000029209"
26384,"Gnpda1","ENSMUSG00000052102"
14635,"Galk1","ENSMUSG00000020766"
69976,"Galk2","ENSMUSG00000027207"
14430,"Galt","ENSMUSG00000036073"
231327,"Ppat","ENSMUSG00000029246"
68977,"Haghl","ENSMUSG00000061046"
15109,"Hal","ENSMUSG00000020017"
71761,"Amdhd1","ENSMUSG00000015890"
109801,"Glo1","ENSMUSG00000024026"
55980,"Impa1","ENSMUSG00000027531"
114663,"Impa2","ENSMUSG00000024525"
53332,"Mtmr1","ENSMUSG00000015214"
14913,"Guca1a","ENSMUSG00000023982"
18263,"Odc1","ENSMUSG00000011179"
56421,"Pfkp","ENSMUSG00000021196"
18642,"Pfkm","ENSMUSG00000033065"
319848,"Slc17a4","ENSMUSG00000021336"
105355,"Slc17a3","ENSMUSG00000036083"
218103,"Slc17a2","ENSMUSG00000036110"
20505,"Slc34a1","ENSMUSG00000021490"
20531,"Slc34a2","ENSMUSG00000029188"
237823,"Pfas","ENSMUSG00000020899"
257635,"Sdsl","ENSMUSG00000029596"
22171,"Tyms","ENSMUSG00000025747"
243537,"Uroc1","ENSMUSG00000034456"
19703,"Renbp","ENSMUSG00000031387"
320685,"Dctd","ENSMUSG00000031562"
116914,"Slc19a2","ENSMUSG00000040918"
269378,"Ahcy","ENSMUSG00000027597"
229709,"Ahcyl1","ENSMUSG00000027893"
55951,"Mpc1","ENSMUSG00000023861"
70456,"Mpc2","ENSMUSG00000026568"
54670,"Atp8b1","ENSMUSG00000039529"
54667,"Atp8b2","ENSMUSG00000060671"
50770,"Atp11a","ENSMUSG00000031441"
320940,"Atp11c","ENSMUSG00000062949"
18669,"Abcb1b","ENSMUSG00000028970"
66834,"Acot13","ENSMUSG00000006717"
22227,"Ucp1","ENSMUSG00000031710"
329910,"Acot11","ENSMUSG00000034853"
74104,"Abcb6","ENSMUSG00000026198"
56315,"Rhcg","ENSMUSG00000030549"
12491,"Cd36","ENSMUSG00000002944"
19765,"Ralbp1","ENSMUSG00000024096"
18104,"Nqo1","ENSMUSG00000003849"
68312,"Gstm7","ENSMUSG00000004035"
171168,"Acer1","ENSMUSG00000045019"
66190,"Acer3","ENSMUSG00000030760"
230379,"Acer2","ENSMUSG00000038007"
19156,"Psap","ENSMUSG00000004207"
14667,"Gm2a","ENSMUSG00000000594"
230101,"Gba2","ENSMUSG00000028467"
23956,"Neu2","ENSMUSG00000079434"
50877,"Neu3","ENSMUSG00000035239"
20452,"St8sia4","ENSMUSG00000040710"
16890,"Lipe","ENSMUSG00000003123"
16891,"Lipg","ENSMUSG00000053846"
67758,"Aadac","ENSMUSG00000027761"
269060,"Dagla","ENSMUSG00000035735"
231871,"Daglb","ENSMUSG00000039206"
18947,"Pnliprp2","ENSMUSG00000025091"
69060,"Pnlip","ENSMUSG00000046008"
66853,"Pnpla2","ENSMUSG00000025509"
67717,"Lipf","ENSMUSG00000024768"
18946,"Pnliprp1","ENSMUSG00000042179"
14077,"Fabp3","ENSMUSG00000028773"
14079,"Fabp2","ENSMUSG00000023057"
12140,"Fabp7","ENSMUSG00000019874"
16592,"Fabp5","ENSMUSG00000027533"
16204,"Fabp6","ENSMUSG00000020405"
11770,"Fabp4","ENSMUSG00000062515"
75497,"Fabp12","ENSMUSG00000027530"
21884,"Fabp9","ENSMUSG00000027528"
20216,"Acsm3","ENSMUSG00000030935"
233799,"Acsm2","ENSMUSG00000030945"
272428,"Acsm5","ENSMUSG00000030972"
233801,"Acsm4","ENSMUSG00000047026"
67469,"Abhd5","ENSMUSG00000032540"
218121,"Mboat1","ENSMUSG00000038732"
225010,"Lclat1","ENSMUSG00000054469"
64898,"Lpin2","ENSMUSG00000024052"
235044,"Plppr2","ENSMUSG00000040563"
229791,"Plppr4","ENSMUSG00000044667"
216152,"Plppr3","ENSMUSG00000035835"
64899,"Lpin3","ENSMUSG00000027412"
14245,"Lpin1","ENSMUSG00000020593"
71910,"Plpp5","ENSMUSG00000031570"
381925,"Plpp4","ENSMUSG00000070366"
28042,"Selenoi","ENSMUSG00000075703"
18807,"Pld3","ENSMUSG00000003363"
104759,"Pld4","ENSMUSG00000052160"
194908,"Pld6","ENSMUSG00000043648"
12038,"Bche","ENSMUSG00000027792"
69923,"Agk","ENSMUSG00000029916"
67260,"Cers4","ENSMUSG00000008206"
71949,"Cers5","ENSMUSG00000023021"
76893,"Cers2","ENSMUSG00000015714"
545975,"Cers3","ENSMUSG00000030510"
241447,"Cers6","ENSMUSG00000027035"
93898,"Cers1","ENSMUSG00000087408"
54447,"Asah2","ENSMUSG00000024887"
76485,"Glt8d1","ENSMUSG00000021916"
68273,"Pomgnt1","ENSMUSG00000028700"
66435,"Uggt2","ENSMUSG00000042104"
67909,"Galntl5","ENSMUSG00000028938"
74782,"Glt8d2","ENSMUSG00000020251"
56375,"B4galt4","ENSMUSG00000022793"
654821,"Gcnt7","ENSMUSG00000074569"
16430,"Stt3a","ENSMUSG00000032116"
320011,"Uggt1","ENSMUSG00000037470"
330406,"B4galnt3","ENSMUSG00000041372"
108155,"Ogt","ENSMUSG00000034160"
26878,"B3galt2","ENSMUSG00000033849"
97884,"B3galnt2","ENSMUSG00000039242"
224143,"Poglut1","ENSMUSG00000034064"
68292,"Stt3b","ENSMUSG00000032437"
14422,"B4galnt2","ENSMUSG00000013418"
268510,"Mgat5b","ENSMUSG00000043857"
26877,"B3galt1","ENSMUSG00000034780"
171167,"Fut10","ENSMUSG00000046152"
14347,"Fut7","ENSMUSG00000036587"
330671,"B4galnt4","ENSMUSG00000055629"
381694,"B3glct","ENSMUSG00000051950"
208211,"Alg1","ENSMUSG00000039427"
14345,"Fut4","ENSMUSG00000049307"
73068,"Fut11","ENSMUSG00000039357"
71103,"Glt6d1","ENSMUSG00000036401"
67555,"Mgat4d","ENSMUSG00000035057"
97440,"B3gnt9","ENSMUSG00000069920"
56356,"Gltp","ENSMUSG00000011884"
238023,"Hexd","ENSMUSG00000039307"
74577,"Glb1l","ENSMUSG00000026200"
20448,"St6galnac4","ENSMUSG00000079442"
241159,"Neu4","ENSMUSG00000034000"
14344,"Fut2","ENSMUSG00000055978"
71519,"Cyp2u1","ENSMUSG00000027983"
69590,"Gpx8","ENSMUSG00000021760"
71854,"Dpep3","ENSMUSG00000031898"
319446,"Dpep2","ENSMUSG00000053687"
319446,"Dpep2","ENSMUSG00000115067"
56351,"Ptges3","ENSMUSG00000071072"
67053,"Rpp14","ENSMUSG00000023156"
224024,"Scarf2","ENSMUSG00000012017"
105349,"Akr1c18","ENSMUSG00000021214"
676527,"Faxdc2","ENSMUSG00000086962"
98386,"Lbr","ENSMUSG00000004880"
17919,"Myo5b","ENSMUSG00000025885"
110611,"Hdlbp","ENSMUSG00000034088"
18145,"Npc1","ENSMUSG00000024413"
102294,"Cyp4v3","ENSMUSG00000079057"
57357,"Srd5a3","ENSMUSG00000029233"
27400,"Hsd17b6","ENSMUSG00000025396"
56348,"Hsd17b12","ENSMUSG00000027195"
114664,"Hsd17b11","ENSMUSG00000029311"
54325,"Elovl1","ENSMUSG00000006390"
12686,"Elovl3","ENSMUSG00000038754"
74559,"Elovl7","ENSMUSG00000021696"
57874,"Hacd3","ENSMUSG00000033629"
67044,"Higd2a","ENSMUSG00000025868"
30963,"Hacd1","ENSMUSG00000063275"
66775,"Hacd4","ENSMUSG00000028497"
70757,"Hacd2","ENSMUSG00000035376"
106529,"Tecr","ENSMUSG00000031708"
243078,"Tecrl","ENSMUSG00000049537"
328035,"Fads6","ENSMUSG00000044788"
60527,"Fads3","ENSMUSG00000024664"
66411,"Tbcb","ENSMUSG00000006095"
214663,"Slc25a29","ENSMUSG00000021265"
14187,"Akr1b8","ENSMUSG00000029762"
215015,"Fam20b","ENSMUSG00000033557"
238024,"Fn3krp","ENSMUSG00000039253"
74035,"Nol9","ENSMUSG00000028948"
63828,"Fn3k","ENSMUSG00000025175"
75578,"Fggy","ENSMUSG00000028573"
100503991,"Acp4","ENSMUSG00000012777"
235534,"Pxylp1","ENSMUSG00000043587"
101744,"Acp7","ENSMUSG00000037469"
331487,"Uprt","ENSMUSG00000073016"
319518,"Pdpr","ENSMUSG00000033624"
18452,"P4ha2","ENSMUSG00000018906"
18451,"P4ha1","ENSMUSG00000019916"
320452,"P4ha3","ENSMUSG00000051048"
67870,"Enoph1","ENSMUSG00000029326"
104923,"Adi1","ENSMUSG00000020629"
100328588,"Il4i1","ENSMUSG00000074141"
14204,"Il4i1","ENSMUSG00000074141"
67712,"Slc25a37","ENSMUSG00000034248"
246696,"Slc25a28","ENSMUSG00000040414"
54384,"Mtmr7","ENSMUSG00000039431"
75454,"Phpt1","ENSMUSG00000036504"
219135,"Mtmr6","ENSMUSG00000021987"
209039,"Tns2","ENSMUSG00000037003"
103466,"Nt5dc3","ENSMUSG00000054027"
103199,"Fig4","ENSMUSG00000038417"
75769,"Plppr5","ENSMUSG00000033342"
329506,"Ctdspl2","ENSMUSG00000033411"
237523,"Ptprq","ENSMUSG00000035916"
72102,"Dusp11","ENSMUSG00000030002"
218232,"Ptpdc1","ENSMUSG00000038042"
227721,"Plpp7","ENSMUSG00000051373"
97287,"Mtmr14","ENSMUSG00000030269"
66865,"Pmpca","ENSMUSG00000026926"
101490,"Inpp5f","ENSMUSG00000042105"
74411,"Plpp6","ENSMUSG00000040105"
83493,"Sacm1l","ENSMUSG00000025240"
67881,"Mdp1","ENSMUSG00000002329"
17330,"Minpp1","ENSMUSG00000024896"
217837,"Itpk1","ENSMUSG00000057963"
227733,"Pip5kl1","ENSMUSG00000046854"
22262,"Uox","ENSMUSG00000028186"
241452,"Dhrs9","ENSMUSG00000027068"
20148,"Dhrs3","ENSMUSG00000066026"
791260,"Tomt","ENSMUSG00000078630"
107585,"Dio3","ENSMUSG00000075707"
13371,"Dio2","ENSMUSG00000007682"
13370,"Dio1","ENSMUSG00000034785"
56362,"Sult1b1","ENSMUSG00000029269"
69083,"Sult1c2","ENSMUSG00000023122"
52064,"Coq5","ENSMUSG00000041733"
69188,"Kmt2e","ENSMUSG00000029004"
231051,"Kmt2c","ENSMUSG00000038056"
233904,"Setd1a","ENSMUSG00000042308"
20937,"Suv39h1","ENSMUSG00000039231"
208266,"Dot1l","ENSMUSG00000061589"
75410,"Kmt2b","ENSMUSG00000006307"
107823,"Nsd2","ENSMUSG00000057406"
225888,"Kmt5b","ENSMUSG00000045098"
192195,"Ash1l","ENSMUSG00000028053"
214162,"Kmt2a","ENSMUSG00000002028"
232811,"Kmt5c","ENSMUSG00000059851"
239122,"Setdb2","ENSMUSG00000071350"
208043,"Setd1b","ENSMUSG00000038384"
84505,"Setdb1","ENSMUSG00000015697"
73251,"Setd7","ENSMUSG00000037111"
234135,"Nsd3","ENSMUSG00000054823"
64707,"Suv39h2","ENSMUSG00000026646"
18193,"Nsd1","ENSMUSG00000021488"
381022,"Kmt2d","ENSMUSG00000048154"
74729,"Setmar","ENSMUSG00000034639"
77683,"Ehmt1","ENSMUSG00000036893"
235626,"Setd2","ENSMUSG00000044791"
67956,"Kmt5a","ENSMUSG00000049327"
69726,"Smyd3","ENSMUSG00000055067"
110147,"Ehmt2","ENSMUSG00000013787"
69019,"Spcs1","ENSMUSG00000021917"
66624,"Spcs2","ENSMUSG00000035227"
76687,"Spcs3","ENSMUSG00000054408"
56529,"Sec11a","ENSMUSG00000025724"
66286,"Sec11c","ENSMUSG00000024516"
57170,"Dolpp1","ENSMUSG00000026856"
107895,"Mgat5","ENSMUSG00000036155"
67569,"Mgat4c","ENSMUSG00000019888"
69675,"Pxdn","ENSMUSG00000020674"
227399,"Ppip5k2","ENSMUSG00000040648"
327655,"Ppip5k1","ENSMUSG00000033526"
225913,"Tkfc","ENSMUSG00000034371"
70974,"Pgm2l1","ENSMUSG00000030729"
67935,"Ces5a","ENSMUSG00000058019"
13909,"Ces3b","ENSMUSG00000062181"
382053,"Ces3a","ENSMUSG00000069922"
104158,"Ces1d","ENSMUSG00000056973"
109791,"Clps","ENSMUSG00000024225"
67473,"Slc47a1","ENSMUSG00000010122"
380701,"Slc47a2","ENSMUSG00000069855"
75750,"Slc10a6","ENSMUSG00000029321"
20521,"Slc22a12","ENSMUSG00000061742"
235386,"Hykk","ENSMUSG00000035878"
66065,"Hsd17b14","ENSMUSG00000030825"
71412,"Dhrs2","ENSMUSG00000022209"
53415,"Htatip2","ENSMUSG00000039745"
234309,"Cbr4","ENSMUSG00000031641"
13016,"Ctbp1","ENSMUSG00000037373"
69772,"Bdh2","ENSMUSG00000028167"
70061,"Sdr9c7","ENSMUSG00000040127"
436008,"Sdr42e2","ENSMUSG00000109392"
74032,"Sdr42e1","ENSMUSG00000034308"
80707,"Wwox","ENSMUSG00000004637"
67861,"Akr1b10","ENSMUSG00000061758"
320981,"Enpp6","ENSMUSG00000038173"
72947,"Phykpl","ENSMUSG00000020359"
76768,"Alpi","ENSMUSG00000079440"
11650,"Alppl2","ENSMUSG00000026246"
330962,"Slc51b","ENSMUSG00000053862"
106407,"Slc51a","ENSMUSG00000035699"
94215,"Ugt2a1","ENSMUSG00000106677"
72094,"Ugt2a3","ENSMUSG00000035780"
269823,"Pon3","ENSMUSG00000029759"
22273,"Uqcrc1","ENSMUSG00000025651"
66576,"Uqcrh","ENSMUSG00000063882"
17711,"mt-Cytb","ENSMUSG00000064370"
66152,"Uqcr10","ENSMUSG00000059534"
66594,"Uqcr11","ENSMUSG00000020163"
67003,"Uqcrc2","ENSMUSG00000030884"
66694,"Uqcrfs1","ENSMUSG00000038462"
66445,"Cyc1","ENSMUSG00000022551"
22272,"Uqcrq","ENSMUSG00000044894"
67530,"Uqcrb","ENSMUSG00000021520"
20523,"Slc25a14","ENSMUSG00000031105"
22229,"Ucp3","ENSMUSG00000032942"
22228,"Ucp2","ENSMUSG00000033685"
74011,"Slc25a27","ENSMUSG00000023912"
66218,"Ndufb9","ENSMUSG00000022354"
226646,"Ndufs2","ENSMUSG00000013593"
227197,"Ndufs1","ENSMUSG00000025968"
67130,"Ndufa6","ENSMUSG00000022450"
66414,"Ndufa12","ENSMUSG00000020022"
66495,"Ndufb3","ENSMUSG00000026032"
68194,"Ndufb4","ENSMUSG00000022820"
100041273,"Ndufb4","ENSMUSG00000022820"
100041273,"Ndufb4c","ENSMUSG00000083380"
100042503,"Ndufb4","ENSMUSG00000022820"
100042503,"Ndufb4b","ENSMUSG00000120425"
407785,"Ndufs6","ENSMUSG00000021606"
68197,"Ndufc2","ENSMUSG00000030647"
66091,"Ndufa3","ENSMUSG00000035674"
54405,"Ndufa1","ENSMUSG00000016427"
75406,"Ndufs7","ENSMUSG00000020153"
225887,"Ndufs8","ENSMUSG00000059734"
230075,"Ndufb6","ENSMUSG00000071014"
66377,"Ndufc1","ENSMUSG00000037152"
67273,"Ndufa10","ENSMUSG00000026260"
595136,"Ndufs5","ENSMUSG00000028648"
68342,"Ndufb10","ENSMUSG00000040048"
17718,"mt-Nd3","ENSMUSG00000064360"
80286,"Tusc3","ENSMUSG00000118664"
68349,"Ndufs3","ENSMUSG00000005510"
17722,"mt-Nd6","ENSMUSG00000064368"
17720,"mt-Nd4l","ENSMUSG00000065947"
102631912,"Ndufb1","ENSMUSG00000113902"
66416,"Ndufa7","ENSMUSG00000041881"
17995,"Ndufv1","ENSMUSG00000037916"
68202,"Ndufa5","ENSMUSG00000023089"
17719,"mt-Nd4","ENSMUSG00000064363"
17992,"Ndufa4","ENSMUSG00000029632"
67184,"Ndufa13","ENSMUSG00000036199"
67264,"Ndufb8","ENSMUSG00000025204"
66108,"Ndufa9","ENSMUSG00000000399"
69875,"Ndufa11","ENSMUSG00000002379"
66046,"Ndufb5","ENSMUSG00000027673"
17993,"Ndufs4","ENSMUSG00000021764"
66916,"Ndufb7","ENSMUSG00000033938"
17717,"mt-Nd2","ENSMUSG00000064345"
17991,"Ndufa2","ENSMUSG00000014294"
68375,"Ndufa8","ENSMUSG00000026895"
68198,"Ndufb2","ENSMUSG00000002416"
17716,"mt-Nd1","ENSMUSG00000064341"
78330,"Ndufv3","ENSMUSG00000024038"
70316,"Ndufab1","ENSMUSG00000030869"
72900,"Ndufv2","ENSMUSG00000024099"
17721,"mt-Nd5","ENSMUSG00000064367"
104130,"Ndufb11","ENSMUSG00000031059"
12868,"Cox8a","ENSMUSG00000035885"
12866,"Cox7a2","ENSMUSG00000032330"
12859,"Cox5b","ENSMUSG00000061518"
12857,"Cox4i1","ENSMUSG00000031818"
75483,"Cox8c","ENSMUSG00000043319"
20463,"Cox7a2l","ENSMUSG00000024248"
12867,"Cox7c","ENSMUSG00000017778"
17708,"mt-Co1","ENSMUSG00000064351"
66142,"Cox7b","ENSMUSG00000031231"
12862,"Cox6a2","ENSMUSG00000030785"
12864,"Cox6c","ENSMUSG00000014313"
17709,"mt-Co2","ENSMUSG00000064354"
12858,"Cox5a","ENSMUSG00000000088"
333182,"Cox6b2","ENSMUSG00000051811"
17710,"mt-Co3","ENSMUSG00000064358"
78174,"Cox7b2","ENSMUSG00000049387"
12865,"Cox7a1","ENSMUSG00000074218"
110323,"Cox6b1","ENSMUSG00000036751"
84682,"Cox4i2","ENSMUSG00000009876"
12861,"Cox6a1","ENSMUSG00000041697"
268756,"Gulo","ENSMUSG00000034450"
58865,"Tdh","ENSMUSG00000021953"
11950,"Atp5pb","ENSMUSG00000000563"
11951,"Atp5mc1","ENSMUSG00000006057"
11957,"Atp5pf","ENSMUSG00000022890"
11958,"Atp5me","ENSMUSG00000050856"
18195,"Nsf","ENSMUSG00000034187"
27425,"Atp5mg","ENSMUSG00000038717"
57423,"Atp5mf","ENSMUSG00000038690"
71679,"Atp5pd","ENSMUSG00000034566"
228033,"Atp5mc3","ENSMUSG00000018770"
67942,"Atp5mc2","ENSMUSG00000062683"
11946,"Atp5f1a","ENSMUSG00000025428"
11947,"Atp5f1b","ENSMUSG00000025393"
11949,"Atp5f1c","ENSMUSG00000025781"
66043,"Atp5f1d","ENSMUSG00000003072"
67126,"Atp5f1e","ENSMUSG00000016252"
68055,"Dmac2l","ENSMUSG00000054894"
28080,"Atp5po","ENSMUSG00000022956"
26464,"Vnn3","ENSMUSG00000020010"
22361,"Vnn1","ENSMUSG00000037440"
225326,"Pik3c3","ENSMUSG00000033628"
67292,"Pigc","ENSMUSG00000026698"
56176,"Pigp","ENSMUSG00000022940"
110417,"Pigh","ENSMUSG00000021120"
18700,"Piga","ENSMUSG00000031381"
14755,"Pigq","ENSMUSG00000025728"
140494,"Atp6v0a4","ENSMUSG00000038600"
114143,"Atp6v0b","ENSMUSG00000033379"
11984,"Atp6v0c","ENSMUSG00000024121"
11974,"Atp6v0e","ENSMUSG00000015575"
242341,"Atp6v0d2","ENSMUSG00000028238"
11972,"Atp6v0d1","ENSMUSG00000013160"
11975,"Atp6v0a1","ENSMUSG00000019302"
27060,"Tcirg1","ENSMUSG00000001750"
21871,"Atp6v0a2","ENSMUSG00000038023"
73834,"Atp6v1d","ENSMUSG00000021114"
66144,"Atp6v1f","ENSMUSG00000004285"
11973,"Atp6v1e1","ENSMUSG00000019210"
68775,"Atp6v1c2","ENSMUSG00000020566"
11964,"Atp6v1a","ENSMUSG00000052459"
108664,"Atp6v1h","ENSMUSG00000033793"
66290,"Atp6v1g1","ENSMUSG00000039105"
11966,"Atp6v1b2","ENSMUSG00000006273"
338375,"Atp6v1g3","ENSMUSG00000026394"
110935,"Atp6v1b1","ENSMUSG00000006269"
74915,"Atp6v1e2","ENSMUSG00000053375"
66237,"Atp6v1g2","ENSMUSG00000024403"
66335,"Atp6v1c1","ENSMUSG00000022295"
